Register;Field;Typ;Accuracy;Unit;Min;Max;Read
0040;AddressMask_General1;U64;;;;;R
0041;;;;;;;
0042;;;;;;;
0043;;;;;;;
0044;Modbus_Protocol_Version;BCD16;;;1,07;99,99;R
0045;COMM_MCU_Code;ASCII;;;;;R
0046;CTRL1_MCU_Code;ASCII;;;;;R
0047;CTRL2_MCU_Code;ASCII;;;;;R
0048;MCU_Code_Rsvd1 -- 10;;;;;;
0049;MCU_Code_Rsvd1 -- 10;;;;;;
004A;MCU_Code_Rsvd1 -- 10;;;;;;
004B;MCU_Code_Rsvd1 -- 10;;;;;;
004C;MCU_Code_Rsvd1 -- 10;;;;;;
004D;MCU_Code_Rsvd1 -- 10;;;;;;
004E;MCU_Code_Rsvd1 -- 10;;;;;;
004F;MCU_Code_Rsvd1 -- 10;;;;;;
0050;MCU_Code_Rsvd1 -- 10;;;;;;
0051;MCU_Code_Rsvd1 -- 10;;;;;;
0052;Protocol_ARM-DSPM;;;;0;0xFFFF;R
0053;Protocol_ARM-DSPS;;;;0;0xFFFF;R
0054;Protocol_DSPM-DSPS;;;;0;0xFFFF;R
0055;Protocol_Version_Rsvd4 -- 20;;;;;;
0056;Protocol_Version_Rsvd4 -- 20;;;;;;
0057;Protocol_Version_Rsvd4 -- 20;;;;;;
0058;Protocol_Version_Rsvd4 -- 20;;;;;;
0059;Protocol_Version_Rsvd4 -- 20;;;;;;
005A;Protocol_Version_Rsvd4 -- 20;;;;;;
005B;Protocol_Version_Rsvd4 -- 20;;;;;;
005C;Protocol_Version_Rsvd4 -- 20;;;;;;
005D;Protocol_Version_Rsvd4 -- 20;;;;;;
005E;Protocol_Version_Rsvd4 -- 20;;;;;;
005F;Protocol_Version_Rsvd4 -- 20;;;;;;
0060;Protocol_Version_Rsvd4 -- 20;;;;;;
0061;Protocol_Version_Rsvd4 -- 20;;;;;;
0062;Protocol_Version_Rsvd4 -- 20;;;;;;
0063;Protocol_Version_Rsvd4 -- 20;;;;;;
0064;Protocol_Version_Rsvd4 -- 20;;;;;;
0065;Protocol_Version_Rsvd4 -- 20;;;;;;
007E;??ID_0 -- 1;;;;;;RW
007F;??ID_0 -- 1;;;;;;RW
0400;AddressMask_Realtime_SysInfo1;U64;;;;;R
0401;;;;;;;
0402;;;;;;;
0403;;;;;;;
0404;SysState;U16;;;;;R
0405;Fault1;U16;;;;;R
0406;Fault2;U16;;;;;R
0407;Fault3;U16;;;;;R
0408;Fault4;U16;;;;;R
0409;Fault5;U16;;;;;R
040A;Fault6;U16;;;;;R
040B;Fault7;U16;;;;;R
040C;Fault8;U16;;;;;R
040D;Fault9;U16;;;;;R
040E;Fault10;U16;;;;;R
040F;Fault11;U16;;;;;R
0410;Fault12;U16;;;;;R
0411;Fault13;U16;;;;;R
0412;Fault14;U16;;;;;R
0413;Fault15;U16;;;;;R
0414;Fault16;U16;;;;;R
0415;Fault17;U16;;;;;R
0416;Fault18;U16;;;;;R
0417;Countdown;U16;1;seconds;;;R
0418;Temperature_Env1;I16;1;°C;;;R
0419;Temperature_Env2;I16;1;°C;;;R
041A;Temperature_HeatSink1;I16;1;°C;;;R
041B;Temperature_HeatSink2;I16;1;°C;;;R
041C;Temperature_HeatSink3;I16;1;°C;;;R
041D;Temperature_HeatSink4;I16;1;°C;;;R
041E;Temperature_HeatSink5;I16;1;°C;;;R
041F;Temperature_HeatSink6;I16;1;°C;;;R
0420;Temperature_Inv1;I16;1;°C;;;R
0421;Temperature_Inv2;I16;1;°C;;;R
0422;Temperature_Inv3;I16;1;°C;;;R
0423;Temp_Rsvd1;I16;1;°C;;;R
0424;Temp_Rsvd2;I16;1;°C;;;R
0425;Temp_Rsvd3;I16;1;°C;;;R
0426;GenerationTime_Today;U16;1;Minute;;;R
0427;GenerationTime_Total;U32;1;Minute;;;R
0428;;;;;;;
0429;ServiceTime_Total;U32;1;Minute;;;R
042A;;;;;;;
042B;InsulationResistance;U16;1;k?;;;R
042C;SysTime_Year;U16;;;;;R
042D;SysTime_Month;U16;;;;;R
042E;SysTime_Date;U16;;;;;R
042F;SysTime_Hour;U16;;;;;R
0430;SysTime_Minute;U16;;;;;R
0431;SysTime_Second;U16;;;;;R
0432;Fault19;U16;;;;;R
0433;Fault20;U16;;;;;R
0434;Fault21;U16;;;;;R
0435;Fault22;U16;;;;;R
0436;Fault23;U16;;;;;R
0437;Fault24;U16;;;;;R
0438;Fault25;U16;;;;;R
0439;Fault26;U16;;;;;R
043A;Fault27;U16;;;;;R
043B;Fault28;U16;;;;;R
043C;Fault29;U16;;;;;R
043D;Fault30;U16;;;;;R
0440;AddressMask_Realtime_SysInfo2;U64;;;;;R
0441;;;;;;;
0442;;;;;;;
0443;;;;;;;
0444;Production_Code;U16;;;;;
0445;Serial_Number0;ASCII;;;;;R
0446;Serial_Number1;ASCII;;;;;R
0447;Serial_Number2;ASCII;;;;;R
0448;Serial_Number3;ASCII;;;;;R
0449;Serial_Number4;ASCII;;;;;R
044A;Serial_Number5;ASCII;;;;;R
044B;Serial_Number6;ASCII;;;;;R
044C;Serial_Number7;ASCII;;;;;R
044D;Hardware_Version0;ASCII;;;;;R
044E;Hardware_Version1;ASCII;;;;;R
044F;Software_Version_Stage_COM;ASCII;;;;;R
0450;Software_Version_Major_COM;ASCII;;;;;R
0451;Software_Version_Custom_COM;ASCII;;;;;R
0452;Software_Version_Minor_COM;ASCII;;;;;R
0453;Software_Version_Stage_Master;ASCII;;;;;R
0454;Software_Version_Major_Master;ASCII;;;;;R
0455;Software_Version_Custom_Master;ASCII;;;;;R
0456;Software_Version_Minor_Master;ASCII;;;;;R
0457;Software_Version_Stage_Slave;ASCII;;;;;R
0458;Software_Version_Major_Slave;ASCII;;;;;R
0459;Software_Version_Custom_Slave;ASCII;;;;;R
045A;Software_Version_Minor_Slave;ASCII;;;;;R
045B;Safety_Version_Major;U16;;;;;R
045C;Safety_version_Minor;U16;;;;;R
045D;Boot_Version_COM;U16;;;;;R
045E;Boot_Version_Master;U16;;;;;R
045F;Boot_Version_Slave;U16;;;;;R
0460;Safety_Firmware_Version_Stage;ASCII;;;;;R
0461;Safety_Firmware_Version_Major;ASCII;;;;;R
0462;Safety_Firmware_Version_Custom;ASCII;;;;;R
0463;Safety_Firmware_Version_Minor;ASCII;;;;;R
0464;Safety_Hardware_Version0;ASCII;;;;;R
0465;Safety_Hardware_Version1;ASCII;;;;;R
0466;Afci_Ver_Firmware;ASCII;;;;;R
0467;Afci_Ver_Sft;ASCII;;;;;R
0468;Afci_Ver_Hard;ASCII;;;;;R
0469;Afci_Srs_Hard;ASCII;;;;;R
046A;Afci_Ver_Com;ASCII;;;;;R
046B;Safety_Package_Version0;ASCII;;;;;R
046C;Safety_Package_Version1;ASCII;;;;;R
0470;Serial_Number8;ASCII;;;;;R
0471;Serial_Number9;ASCII;;;;;R
0472;Serial_Number11_Rsvd0;ASCII;;;;;R
0473;Serial_Number11_Rsvd1;ASCII;;;;;R
0474;Serial_Number12_Rsvd2;ASCII;;;;;R
0475;Serial_Number13_Rsvd3;ASCII;;;;;R
0476;Serial_Number14_Rsvd4;ASCII;;;;;R
0477;State1;U16;;;;;R
0478;State2;U16;;;;;R
0479;State3;U16;;;;;R
047A;State4;U16;;;;;R
047B;State5;U16;;;;;R
047C;State6;U16;;;;;R
047D;State7;U16;;;;;R
047E;State8;U16;;;;;R
047F;State9;U16;;;;;R
0480;AddressMask_Realtime_GridOutput1;U64;;;;;R
0481;;;;;;;
0482;;;;;;;
0483;;;;;;;
0484;Frequency_Grid;U16;0,01;Hz;;;R
0485;ActivePower_Output_Total;I16;0,01;kW;;;R
0486;ReactivePower_Output_Total;I16;0,01;kW;;;R
0487;ApparentPower_Output_Total;I16;0,01;kW;;;R
0488;ActivePower_PCC_Total;I16;0,01;kW;;;R
0489;ReactivePower_PCC_Total;I16;0,01;kW;;;R
048A;ApparentPower_PCC_Total;I16;0,01;kW;;;R
048B;GridOutput_Rsvd1;;;;;;R
048C;GridOutput_Rsvd2;;;;;;R
048D;Voltage_Phase_R;U16;0,1;V;;;R
048E;Current_Output_R;U16;0,01;A;;;R
048F;ActivePower_Output_R;I16;0,01;kW;;;R
0490;ReactivePower_Output_R;I16;0,01;kW;;;R
0491;PowerFactor_Output_R;I16;0,001;p.u.;;;R
0492;Current_PCC_R;U16;0,01;A;;;R
0493;ActivePower_PCC_R;I16;0,01;kW;;;R
0494;ReactivePower_PCC_R;I16;0,01;kW;;;R
0495;PowerFactor_PCC_R;I16;0,001;p.u.;;;R
0496;R_Rsvd1;;;;;;R
0497;R_Rsvd2;;;;;;R
0498;Voltage_Phase_S;U16;0,1;V;;;R
0499;Current_Output_S;U16;0,01;A;;;R
049A;ActivePower_Output_S;I16;0,01;kW;;;R
049B;ReactivePower_Output_S;I16;0,01;kW;;;R
049C;PowerFactor_Output_S;I16;0,001;p.u.;;;R
049D;Current_PCC_S;U16;0,01;A;;;R
049E;ActivePower_PCC_S;I16;0,01;kW;;;R
049F;ReactivePower_PCC_S;I16;0,01;kW;;;R
04A0;PowerFactor_PCC_S;I16;0,001;p.u.;;;R
04A1;S_Rsvd1;;;;;;R
04A2;S_Rsvd2;;;;;;R
04A3;Voltage_Phase_T;U16;0,1;V;;;R
04A4;Current_Output_T;U16;0,01;A;;;R
04A5;ActivePower_Output_T;I16;0,01;kW;;;R
04A6;ReactivePower_Output_T;I16;0,01;kW;;;R
04A7;PowerFactor_Output_T;I16;0,001;p.u.;;;R
04A8;Current_PCC_T;U16;0,01;A;;;R
04A9;ActivePower_PCC_T;I16;0,01;kW;;;R
04AA;ReactivePower_PCC_T;I16;0,01;kW;;;R
04AB;PowerFactor_PCC_T;I16;0,001;p.u.;;;R
04AC;T_Rsvd1;;;;;;R
04AD;T_Rsvd2;;;;;;R
04AE;ActivePower_PV_Ext;U16;0,01;kW;;;R
04AF;ActivePower_Load_Sys;U16;0,01;kW;;;R
04B0;Voltage_Phase_L1N;U16;0,1;V;;;R
04B1;Current_Output_L1N;U16;0,01;A;;;R
04B2;ActivePower_Output_L1N;I16;0,01;kW;;;R
04B3;Current_PCC_L1N;U16;0,01;A;;;R
04B4;ActivePower_PCC_L1N;I16;0,01;kW;;;R
04B5;Voltage_Phase_L2N;U16;0,1;V;;;R
04B6;Current_Output_L2N;U16;0,01;A;;;R
04B7;ActivePower_Output_L2N;I16;0,01;kW;;;R
04B8;Current_PCC_L2N;U16;0,01;A;;;R
04B9;ActivePower_PCC_L2N;I16;0,01;kW;;;R
04BA;Voltage_Line_L1;U16;0,1;V;;;R
04BB;Voltage_Line_L2;U16;0,1;V;;;R
04BC;Voltage_Line_L3;U16;0,1;V;;;R
04BD;Power_Factor;I16;0,001;p.u.;;;R
0500;AddressMask_Realtime_EmergencyOutput1;U64;;;;;R
0501;;;;;;;
0502;;;;;;;
0503;;;;;;;
0504;ActivePower_Load_Total;I16;0,01;kW;;;R
0505;ReactivePower_Load_Total;I16;0,01;kW;;;R
0506;ApparentPower_Load_Total;I16;0,01;kW;;;R
0507;Frequency_Output;U16;0,01;Hz;;;R
0508;ESOutput_Rsvd1;;;;;;R
0509;ESOutput_Rsvd2;;;;;;R
050A;Voltage_Output_R;U16;0,1;V;;;R
050B;Current_Load_R;I16;0,01;A;;;R
050C;ActivePower_Load_R;I16;0,01;kW;;;R
050D;ReactivePower_Load_R;I16;0,01;kW;;;R
050E;ApparentPower_Load_R;I16;0,01;kVA;;;R
050F;LoadPeakRatio_R;U16;0,01;p.u.;;;R
0510;ESR_Rsvd1;;;;;;R
0511;ESR_Rsvd2;;;;;;R
0512;Voltage_Output_S;U16;0,1;V;;;R
0513;Current_Load_S;I16;0,01;A;;;R
0514;ActivePower_Load_S;I16;0,01;kW;;;R
0515;ReactivePower_Load_S;I16;0,01;kW;;;R
0516;ApparentPower_Load_S;I16;0,01;kVA;;;R
0517;LoadPeakRatio_S;U16;0,01;p.u.;;;R
0518;ESS_Rsvd1;;;;;;R
0519;ESS_Rsvd2;;;;;;R
051A;Voltage_Output_T;U16;0,1;V;;;R
051B;Current_Load_T;I16;0,01;A;;;R
051C;ActivePower_Load_T;I16;0,01;kW;;;R
051D;ReactivePower_Load_T;I16;0,01;kW;;;R
051E;ApparentPower_Load_T;I16;0,01;kVA;;;R
051F;LoadPeakRatio_T;U16;0,01;p.u.;;;R
0520;EST_Rsvd1;;;;;;R
0521;EST_Rsvd2;;;;;;R
0522;Voltage_Output_L1N;U16;0,1;V;;;R
0523;Current_Load_L1N;I16;0,01;A;;;R
0524;ActivePower_Load_L1N;I16;0,01;kW;;;R
0525;Voltage_Output_L2N;U16;0,1;V;;;R
0526;Current_Load_L2N;I16;0,01;A;;;R
0527;ActivePower_Load_L2N;I16;0,01;kW;;;R
0580;AddressMask_Realtime_Input_PV1;U64;;;;;R
0581;;;;;;;
0582;;;;;;;
0583;;;;;;;
0584;Voltage_PV1;U16;0,1;V;;;R
0585;Current_PV1;U16;0,01;A;;;R
0586;Power_PV1;U16;0,01;kW;;;R
0587;Voltage_PV2;U16;0,1;V;;;R
0588;Current_PV2;U16;0,01;A;;;R
0589;Power_PV2;U16;0,01;kW;;;R
058A;Voltage_PV3;U16;0,1;V;;;R
058B;Current_PV3;U16;0,01;A;;;R
058C;Power_PV3;U16;0,01;kW;;;R
058D;Voltage_PV4;U16;0,1;V;;;R
058E;Current_PV4;U16;0,01;A;;;R
058F;Power_PV4;U16;0,01;kW;;;R
0590;Voltage_PV5;U16;0,1;V;;;R
0591;Current_PV5;U16;0,01;A;;;R
0592;Power_PV5;U16;0,01;kW;;;R
0593;Voltage_PV6;U16;0,1;V;;;R
0594;Current_PV6;U16;0,01;A;;;R
0595;Power_PV6;U16;0,01;kW;;;R
0596;Voltage_PV7;U16;0,1;V;;;R
0597;Current_PV7;U16;0,01;A;;;R
0598;Power_PV7;U16;0,01;kW;;;R
0599;Voltage_PV8;U16;0,1;V;;;R
059A;Current_PV8;U16;0,01;A;;;R
059B;Power_PV8;U16;0,01;kW;;;R
059C;Voltage_PV9;U16;0,1;V;;;R
059D;Current_PV9;U16;0,01;A;;;R
059E;Power_PV9;U16;0,01;kW;;;R
059F;Voltage_PV10;U16;0,1;V;;;R
05A0;Current_PV10;U16;0,01;A;;;R
05A1;Power_PV10;U16;0,01;kW;;;R
05A2;Voltage_PV11;U16;0,1;V;;;R
05A3;Current_PV11;U16;0,01;A;;;R
05A4;Power_PV11;U16;0,01;kW;;;R
05A5;Voltage_PV12;U16;0,1;V;;;R
05A6;Current_PV12;U16;0,01;A;;;R
05A7;Power_PV12;U16;0,01;kW;;;R
05A8;Voltage_PV13;U16;0,1;V;;;R
05A9;Current_PV13;U16;0,01;A;;;R
05AA;Power_PV13;U16;0,01;kW;;;R
05AB;Voltage_PV14;U16;0,1;V;;;R
05AC;Current_PV14;U16;0,01;A;;;R
05AD;Power_PV14;U16;0,01;kW;;;R
05AE;Voltage_PV15;U16;0,1;V;;;R
05AF;Current_PV15;U16;0,01;A;;;R
05B0;Power_PV15;U16;0,01;kW;;;R
05B1;Voltage_PV16;U16;0,1;V;;;R
05B2;Current_PV16;U16;0,01;A;;;R
05B3;Power_PV16;U16;0,01;kW;;;R
05C0;AddressMask_Realtime_Input_PV2;U64;;;;;R
05C1;;;;;;;
05C2;;;;;;;
05C3;;;;;;;
05C4;Power_PV_Total;U16;0,1;kW;;;R
0600;AddressMask_Realtime_Input_Bat1;U64;;;;;R
0601;;;;;;;
0602;;;;;;;
0603;;;;;;;
0604;Voltage_Bat1;U16;0,1;V;;;R
0605;Current_Bat1;I16;0,01;A;;;R
0606;Power_Bat1;I16;0,01;kW;;;R
0607;Temperature_Env_Bat1;I16;1;°C;;;R
0608;SOC_Bat1;U16;1;%;;;R
0609;SOH_Bat1;U16;1;%;;;R
060A;ChargeCycle_Bat1;U16;1;cycle;;;R
060B;Voltage_Bat2;U16;0,1;V;;;R
060C;Current_Bat2;I16;0,01;A;;;R
060D;Power_Bat2;I16;0,01;kW;;;R
060E;Temperature_Env_Bat2;I16;1;°C;;;R
060F;SOC_Bat2;U16;1;%;;;R
0610;SOH_Bat2;U16;1;%;;;R
0611;ChargeCycle_Bat2;U16;1;cycle;;;R
0612;Voltage_Bat3;U16;0,1;V;;;R
0613;Current_Bat3;I16;0,01;A;;;R
0614;Power_Bat3;I16;0,01;kW;;;R
0615;Temperature_Env_Bat3;I16;1;°C;;;R
0616;SOC_Bat3;U16;1;%;;;R
0617;SOH_Bat3;U16;1;%;;;R
0618;ChargeCycle_Bat3;U16;1;cycle;;;R
0619;Voltage_Bat4;U16;0,1;V;;;R
061A;Current_Bat4;I16;0,01;A;;;R
061B;Power_Bat4;I16;0,01;kW;;;R
061C;Temperature_Env_Bat4;I16;1;°C;;;R
061D;SOC_Bat4;U16;1;%;;;R
061E;SOH_Bat4;U16;1;%;;;R
061F;ChargeCycle_Bat4;U16;1;cycle;;;R
0620;Voltage_Bat5;U16;0,1;V;;;R
0621;Current_Bat5;I16;0,01;A;;;R
0622;Power_Bat5;I16;0,01;kW;;;R
0623;Temperature_Env_Bat5;I16;1;°C;;;R
0624;SOC_Bat5;U16;1;%;;;R
0625;SOH_Bat5;U16;1;%;;;R
0626;ChargeCycle_Bat5;U16;1;cycle;;;R
0627;Voltage_Bat6;U16;0,1;V;;;R
0628;Current_Bat6;I16;0,01;A;;;R
0629;Power_Bat6;I16;0,01;kW;;;R
062A;Temperature_Env_Bat6;I16;1;°C;;;R
062B;SOC_Bat6;U16;1;%;;;R
062C;SOH_Bat6;U16;1;%;;;R
062D;ChargeCycle_Bat6;U16;1;cycle;;;R
062E;Voltage_Bat7;U16;0,1;V;;;R
062F;Current_Bat7;I16;0,01;A;;;R
0630;Power_Bat7;I16;0,01;kW;;;R
0631;Temperature_Env_Bat7;I16;1;°C;;;R
0632;SOC_Bat7;U16;1;%;;;R
0633;SOH_Bat7;U16;1;%;;;R
0634;ChargeCycle_Bat7;U16;1;cycle;;;R
0635;Voltage_Bat8;U16;0,1;V;;;R
0636;Current_Bat8;I16;0,01;A;;;R
0637;Power_Bat8;I16;0,01;kW;;;R
0638;Temperature_Env_Bat8;I16;1;°C;;;R
0639;SOC_Bat8;U16;1;%;;;R
063A;SOH_Bat8;U16;1;%;;;R
063B;ChargeCycle_Bat8;U16;1;cycle;;;R
063C;;;;;;;
063D;;;;;;;
063E;;;;;;;
063F;;;;;;;
0640;AddressMask_Realtime_Input_Bat2;U64;;;;;R
0641;;;;;;;
0642;;;;;;;
0643;;;;;;;
0644;Voltage_Bat9;U16;0,1;V;;;R
0645;Current_Bat9;I16;0,01;A;;;R
0646;Power_Bat9;I16;0,01;kW;;;R
0647;Temperature_Env_Bat9;I16;1;°C;;;R
0648;SOC_Bat9;U16;1;%;;;R
0649;SOH_Bat9;U16;1;%;;;R
064A;ChargeCycle_Bat9;U16;1;cycle;;;R
064B;Voltage_Bat10;U16;0,1;V;;;R
064C;Current_Bat10;I16;0,01;A;;;R
064D;Power_Bat10;I16;0,01;kW;;;R
064E;Temperature_Env_Bat10;I16;1;°C;;;R
064F;SOC_Bat10;U16;1;%;;;R
0650;SOH_Bat10;U16;1;%;;;R
0651;ChargeCycle_Bat10;U16;1;cycle;;;R
0652;Voltage_Bat11;U16;0,1;V;;;R
0653;Current_Bat11;I16;0,01;A;;;R
0654;Power_Bat11;I16;0,01;kW;;;R
0655;Temperature_Env_Bat11;I16;1;°C;;;R
0656;SOC_Bat11;U16;1;%;;;R
0657;SOH_Bat11;U16;1;%;;;R
0658;ChargeCycle_Bat11;U16;1;cycle;;;R
0659;Voltage_Bat12;U16;0,1;V;;;R
065A;Current_Bat12;I16;0,01;A;;;R
065B;Power_Bat12;I16;0,01;kW;;;R
065C;Temperature_Env_Bat12;I16;1;°C;;;R
065D;SOC_Bat12;U16;1;%;;;R
065E;SOH_Bat12;U16;1;%;;;R
065F;ChargeCycle_Bat12;U16;1;cycle;;;R
;;;;;;;
;;;;;;;
;;;;;;;
;;;;;;;
0680;AddressMask_Realtime_ElectricityStatistics1;U64;;;;;R
0681;;;;;;;
0682;;;;;;;
0683;;;;;;;
0684;PV_Generation_Today;U32;0,01;kWh;;;R
0685;;;;;;;
0686;PV_Generation_Total;U32;0,1;kWh;;;R
0687;;;;;;;
0688;Load_Consumption_Today;U32;0,01;kWh;;;R
0689;;;;;;;
068A;Load_Consumption_Total;U32;0,1;kWh;;;R
068B;;;;;;;
068C;Energy_Purchase_Today;U32;0,01;kWh;;;R
068D;;;;;;;
068E;Energy_Purchase_Total;U32;0,1;kWh;;;R
068F;;;;;;;
0690;Energy_Selling_Today;U32;0,01;kWh;;;R
0691;;;;;;;
0692;Energy_Selling_Total;U32;0,1;kWh;;;R
0693;;;;;;;
0694;Bat_Charge_Today;U32;0,01;kWh;;;R
0695;;;;;;;
0696;Bat_Charge_Total;U32;0,1;kWh;;;R
0697;;;;;;;
0698;Bat_Discharge_Today;U32;0,01;kWh;;;R
0699;;;;;;;
069A;Bat_Discharge_Total;U32;0,1;kWh;;;R
069B;;;;;;;
069C;PV_Generation_Month;U32;0,1;kWh;;;R
069D;;;;;;;
069E;PV_Generation_Year;U32;0,1;kWh;;;R
069F;;;;;;;
06A0;Load_Consumption_Month;U32;0,1;kWh;;;R
06A1;;;;;;;
06A2;Load_Consumption_Year;U32;0,1;kWh;;;R
06A3;;;;;;;
06A4;Energy_Purchase_Month;U32;0,1;kWh;;;R
06A5;;;;;;;
06A6;Energy_Purchase_Year;U32;0,1;kWh;;;R
06A7;;;;;;;
06A8;Energy_Selling_Month;U32;0,1;kWh;;;R
06A9;;;;;;;
06AA;Energy_Selling_Year;U32;0,1;kWh;;;R
06AB;;;;;;;
06AC;Bat_Charge_Month;U32;0,1;kWh;;;R
06AD;;;;;;;
06AE;Bat_Charge_Year;U32;0,1;kWh;;;R
06AF;;;;;;;
06B0;Bat_Discharge_Month;U32;0,1;kWh;;;R
06B1;;;;;;;
06B2;Bat_Discharge_Year;U32;0,1;kWh;;;R
06B3;;;;;;;
06C0;AddressMask_Realtime_ClassifiedInfo1;U64;;;;;R
06C1;;;;;;;
06C2;;;;;;;
06C3;;;;;;;
06C4;GFCI;U16;1;mA;;;R
06C5;Current_Bus_Balance;I16;0,01;A;;;R
06C6;DCI_R;I16;1;mA;;;R
06C7;DCI_S;I16;1;mA;;;R
06C8;DCI_T;I16;1;mA;;;R
06C9;DCV_R;I16;1;mV;;;R
06CA;DCV_S;I16;1;mV;;;R
06CB;DCV_T;I16;1;mV;;;R
06CC;Voltage_Bus;U16;0,1;V;;;R
06CD;Voltage_Bus_P;U16;0,1;V;;;R
06CE;Voltage_Bus_N;U16;0,1;V;;;R
06CF;Voltage_Bus_LLC;U16;0,1;V;;;R
06D0;Current_BuckBoost;I16;0,01;A;;;R
06D1;Voltage_Bus_P_Half;U16;0,1;V;;;R
06D2;Voltage_Bus_N_Half;U16;0,1;V;;;R
06D3;FlyingCap_Voltage1;U16;0,1;V;;;R
06D4;FlyingCap_Voltage2;U16;0,1;V;;;R
06D5;FlyingCap_Voltage3;U16;0,1;V;;;R
06D6;FlyingCap_Voltage4;U16;0,1;V;;;R
06D7;FlyingCap_Voltage5;U16;0,1;V;;;R
06D8;FlyingCap_Voltage6;U16;0,1;V;;;R
06D9;FlyingCap_Voltage7;U16;0,1;V;;;R
06DA;FlyingCap_Voltage8;U16;0,1;V;;;R
06DB;FlyingCap_Voltage9;U16;0,1;V;;;R
06DC;FlyingCap_Voltage10;U16;0,1;V;;;R
06DD;FlyingCap_Voltage11;U16;0,1;V;;;R
06DE;FlyingCap_Voltage12;U16;0,1;V;;;R
06DF;FlyingCap_Voltage13;U16;0,1;V;;;R
06E0;FlyingCap_Voltage14;U16;0,1;V;;;R
06E1;FlyingCap_Voltage15;U16;0,1;V;;;R
06E2;FlyingCap_Voltage16;U16;0,1;V;;;R
06E3;Internal_Info1 -- 10;U16;0,1;V;;;R
06E4;Internal_Info2 -- 10;U16;0,1;V;;;R
06E5;Internal_Info3 -- 10;U16;0,1;V;;;R
06E6;Internal_Info4 -- 10;U16;0,1;V;;;R
06E7;Internal_Info5 -- 10;U16;0,1;V;;;R
06E8;Internal_Info6 -- 10;U16;0,1;V;;;R
06E9;Internal_Info7 -- 10;U16;0,1;V;;;R
06EA;Internal_Info8 -- 10;U16;0,1;V;;;R
06EB;Internal_Info9 -- 10;U16;0,1;V;;;R
06EC;Internal_Info10 -- 10;U16;0,1;V;;;R
06ED;RatedPower_Inverter;U16;0.1kW;kW;;;R
06EE;IVPoints_Effec_Num;U16;1;;1;150;R
0700;AddressMask_Realtime_CombinerInfo1;U64;;;;;R
0701;;;;;;;
0702;;;;;;;
0703;;;;;;;
0704;Voltage_Group1;U16;0,1;V;;;R
0705;Current_Group1_Branch1;U16;0,01;A;;;R
0706;Current_Group1_Branch2;U16;0,01;A;;;R
0707;Voltage_Group2;U16;0,1;V;;;R
0708;Current_Group2_Branch1;U16;0,01;A;;;R
0709;Current_Group2_Branch2;U16;0,01;A;;;R
070A;Voltage_Group3;U16;0,1;V;;;R
070B;Current_Group3_Branch1;U16;0,01;A;;;R
070C;Current_Group3_Branch2;U16;0,01;A;;;R
070D;Voltage_Group4;U16;0,1;V;;;R
070E;Current_Group4_Branch1;U16;0,01;A;;;R
070F;Current_Group4_Branch2;U16;0,01;A;;;R
0710;Voltage_Group5;U16;0,1;V;;;R
0711;Current_Group5_Branch1;U16;0,01;A;;;R
0712;Current_Group5_Branch2;U16;0,01;A;;;R
0713;Voltage_Group6;U16;0,1;V;;;R
0714;Current_Group6_Branch1;U16;0,01;A;;;R
0715;Current_Group6_Branch2;U16;0,01;A;;;R
0716;Voltage_Group7;U16;0,1;V;;;R
0717;Current_Group7_Branch1;U16;0,01;A;;;R
0718;Current_Group7_Branch2;U16;0,01;A;;;R
0719;Voltage_Group8;U16;0,1;V;;;R
071A;Current_Group8_Branch1;U16;0,01;A;;;R
071B;Current_Group8_Branch2;U16;0,01;A;;;R
071C;Voltage_Group9;U16;0,1;V;;;R
071D;Current_Group9_Branch1;U16;0,01;A;;;R
071E;Current_Group9_Branch2;U16;0,01;A;;;R
071F;Voltage_Group10;U16;0,1;V;;;R
0720;Current_Group10_Branch1;U16;0,01;A;;;R
0721;Current_Group10_Branch2;U16;0,01;A;;;R
0722;Voltage_Group11;U16;0,1;V;;;R
0723;Current_Group11_Branch1;U16;0,01;A;;;R
0724;Current_Group11_Branch2;U16;0,01;A;;;R
0725;Voltage_Group12;U16;0,1;V;;;R
0726;Current_Group12_Branch1;U16;0,01;A;;;R
0727;Current_Group12_Branch2;U16;0,01;A;;;R
0728;Voltage_Group13;U16;0,1;V;;;R
0729;Current_Group13_Branch1;U16;0,01;A;;;R
072A;Current_Group13_Branch2;U16;0,01;A;;;R
072B;Voltage_Group14;U16;0,1;V;;;R
072C;Current_Group14_Branch1;U16;0,01;A;;;R
072D;Current_Group14_Branch2;U16;0,01;A;;;R
072E;Voltage_Group15;U16;0,1;V;;;R
072F;Current_Group15_Branch1;U16;0,01;A;;;R
0730;Current_Group15_Branch2;U16;0,01;A;;;R
0731;Voltage_Group16;U16;0,1;V;;;R
0732;Current_Group16_Branch1;U16;0,01;A;;;R
0733;Current_Group16_Branch2;U16;0,01;A;;;R
0740;AddressMask_Realtime_CombinerInfo2;U64;;;;;R
0741;;;;;;;
0742;;;;;;;
0743;;;;;;;
0744;Current_Group1_Branch3;U16;0,01;A;;;R
0745;Current_Group1_Branch4;U16;0,01;A;;;R
0746;Current_Group2_Branch3;U16;0,01;A;;;R
0747;Current_Group2_Branch4;U16;0,01;A;;;R
0748;Current_Group3_Branch3;U16;0,01;A;;;R
0749;Current_Group3_Branch4;U16;0,01;A;;;R
074A;Current_Group4_Branch3;U16;0,01;A;;;R
074B;Current_Group4_Branch4;U16;0,01;A;;;R
074C;Current_Group5_Branch3;U16;0,01;A;;;R
074D;Current_Group5_Branch4;U16;0,01;A;;;R
074E;Current_Group6_Branch3;U16;0,01;A;;;R
074F;Current_Group6_Branch4;U16;0,01;A;;;R
0750;Current_Group7_Branch3;U16;0,01;A;;;R
0751;Current_Group7_Branch4;U16;0,01;A;;;R
0752;Current_Group8_Branch3;U16;0,01;A;;;R
0753;Current_Group8_Branch4;U16;0,01;A;;;R
0754;Current_Group9_Branch3;U16;0,01;A;;;R
0755;Current_Group9_Branch4;U16;0,01;A;;;R
0756;Current_Group10_Branch3;U16;0,01;A;;;R
0757;Current_Group10_Branch4;U16;0,01;A;;;R
0758;Current_Group11_Branch3;U16;0,01;A;;;R
0759;Current_Group11_Branch4;U16;0,01;A;;;R
075A;Current_Group12_Branch3;U16;0,01;A;;;R
075B;Current_Group12_Branch4;U16;0,01;A;;;R
075C;Current_Group13_Branch3;U16;0,01;A;;;R
075D;Current_Group13_Branch4;U16;0,01;A;;;R
075E;Current_Group14_Branch3;U16;0,01;A;;;R
075F;Current_Group14_Branch4;U16;0,01;A;;;R
0760;Current_Group15_Branch3;U16;0,01;A;;;R
0761;Current_Group15_Branch4;U16;0,01;A;;;R
0762;Current_Group16_Branch3;U16;0,01;A;;;R
0763;Current_Group16_Branch4;U16;0,01;A;;;R
0780;AddressMask_Realtime_ArcInfo3;U64;;;;;R
0781;;;;;;;
0782;;;;;;;
0783;;;;;;;
0784;ArcStrength_Channel1;I16;1;;;;R
0785;ArcStrength_Channel2;I16;1;;;;R
0786;ArcStrength_Channel3;I16;1;;;;R
0787;ArcStrength_Channel4;I16;1;;;;R
0788;ArcStrength_Channel5;I16;1;;;;R
0789;ArcStrength_Channel6;I16;1;;;;R
078A;ArcStrength_Channel7;I16;1;;;;R
078B;ArcStrength_Channel8;I16;1;;;;R
078C;ArcStrength_Channel9;I16;1;;;;R
078D;ArcStrength_Channel10;I16;1;;;;R
078E;ArcStrength_Channel11;I16;1;;;;R
078F;ArcStrength_Channel12;I16;1;;;;R
0790;ArcStrength_Channel13;I16;1;;;;R
0791;ArcStrength_Channel14;I16;1;;;;R
0792;ArcStrength_Channel15;I16;1;;;;R
0793;ArcStrength_Channel16;I16;1;;;;R
0794;ArcStrength_Channel17;I16;1;;;;R
0795;ArcStrength_Channel18;I16;1;;;;R
0796;ArcStrength_Channel19;I16;1;;;;R
0797;ArcStrength_Channel20;I16;1;;;;R
0798;ArcStrength_Channel21;I16;1;;;;R
0799;ArcStrength_Channel22;I16;1;;;;R
079A;ArcStrength_Channel23;I16;1;;;;R
079B;ArcStrength_Channel24;I16;1;;;;R
079C;ArcStrength_Channel25;I16;1;;;;R
079D;ArcStrength_Channel26;I16;1;;;;R
079E;ArcStrength_Channel27;I16;1;;;;R
079F;ArcStrength_Channel28;I16;1;;;;R
07A0;ArcStrength_Channel29;I16;1;;;;R
07A1;ArcStrength_Channel30;I16;1;;;;R
07A2;ArcStrength_history_Channel1;I16;1;;;;R
07A3;ArcStrength_history_Channel2;I16;1;;;;R
07A4;ArcStrength_history_Channel3;I16;1;;;;R
07A5;ArcStrength_history_Channel4;I16;1;;;;R
07A6;ArcStrength_history_Channel5;I16;1;;;;R
07A7;ArcStrength_history_Channel6;I16;1;;;;R
07A8;ArcStrength_history_Channel7;I16;1;;;;R
07A9;ArcStrength_history_Channel8;I16;1;;;;R
07AA;ArcStrength_history_Channel9;I16;1;;;;R
07AB;ArcStrength_history_Channel10;I16;1;;;;R
07AC;ArcStrength_history_Channel11;I16;1;;;;R
07AD;ArcStrength_history_Channel12;I16;1;;;;R
07AE;ArcStrength_history_Channel13;I16;1;;;;R
07AF;ArcStrength_history_Channel14;I16;1;;;;R
07B0;ArcStrength_history_Channel15;I16;1;;;;R
07B1;ArcStrength_history_Channel16;I16;1;;;;R
07B2;ArcStrength_history_Channel17;I16;1;;;;R
07B3;ArcStrength_history_Channel18;I16;1;;;;R
07B4;ArcStrength_history_Channel19;I16;1;;;;R
07B5;ArcStrength_history_Channel20;I16;1;;;;R
07B6;ArcStrength_history_Channel21;I16;1;;;;R
07B7;ArcStrength_history_Channel22;I16;1;;;;R
07B8;ArcStrength_history_Channel23;I16;1;;;;R
07B9;ArcStrength_history_Channel24;I16;1;;;;R
07BA;ArcStrength_history_Channel25;I16;1;;;;R
07BB;ArcStrength_history_Channel26;I16;1;;;;R
07BC;ArcStrength_history_Channel27;I16;1;;;;R
07BD;ArcStrength_history_Channel28;I16;1;;;;R
07BE;ArcStrength_history_Channel29;I16;1;;;;R
07BF;ArcStrength_history_Channel30;I16;1;;;;R
07C0;AddressMask_Realtime_ArcInfo4;U64;;;;;R;;;;;;;
07C1;;;;;;;
07C2;;;;;;;
07C3;;;;;;;
07C4;arc_peak_to_peak;U16;1;;;;R
07C5;arc_variance;U16;1;;;;R
07C6;arc_harmonic_energy;U16;1;;;;R
07C7;arc_amplitude_variance;U16;1;;;;R
0800;ConnectWaitTime;U16;1;?;1;65535;RW
0801;PowerUpSpeed;U16;1;%Pn/min;1;3000;RW
0802;ReconnectWaitTime;U16;1;?;1;65535;RW
0803;ReconnectPowerUpSpeed;U16;1;%Pn/min;1;3000;RW
0804;VoltHighLimit;U16;0,1;V;0;65535;RW
0805;VoltLowLimit;U16;0,1;V;0;65535;RW
0806;FreqHighLimit;U16;0,01;Hz;4000;7000;RW
0807;FreqLowLimit;U16;0,01;Hz;4000;7000;RW
0808;ReconnectVoltHighLimit;U16;0,1;V;0;65535;RW
0809;ReconnectVoltLowLimit;U16;0,1;V;0;65535;RW
080A;ReconnectFreqHighLimit;U16;0,01;Hz;4000;7000;RW
080B;ReconnectFreqLowLimit;U16;0,01;Hz;4000;7000;RW;;;;;;;
0840;Voltage Config;U16;;;;;RW
0841;RatedVoltage;U16;0,1;V;0;65535;RW
0842;FirstOvervoltageProtectionValue;U16;0,1;V;0;65535;RW
0843;FirstOvervoltageProtectionTime;U16;10;ms;1;65535;RW
0844;SecondOvervoltageProtectionValue;U16;0,1;V;0;65535;RW
0845;SecondOvervoltageProtectionTime;U16;10;ms;1;65535;RW
0846;ThirdOvervoltageProtectionValue;U16;0,1;V;0;65535;RW
0847;ThirdOvervoltageProtectionTime;U16;10;ms;1;65535;RW
0848;FirstUnderVoltageProtectionValue;U16;0,1;V;0;65535;RW
0849;FirstUndervoltageProtectionTime;U16;10;ms;1;65535;RW
084A;SecondUnderVoltageProtectionValue;U16;0,1;V;0;65535;RW
084B;SecondUndervoltageProtectionTime;U16;10;ms;1;65535;RW
084C;ThirdUnderVoltageProtectionValue;U16;0,1;V;0;65535;RW
084D;ThirdUndervoltageProtectionTime;U16;10;ms;1;65535;RW
084E;10MinOvervoltageProtectionValue;U16;0,1;V;0;65535;RW
084F;FirstOvervoltageProtectionTimeHi;U16;;;0;255;RW
0850;SecondOvervoltageProtectionTimeHi;U16;;;0;255;RW
0851;ThirdOvervoltageProtectionTimeHi;U16;;;0;255;RW
0880;FrequencyConfig;U16;;;;;RW
0881;RatedFrequency;U16;0,01;Hz;4000;7000;RW
0882;FirstOverfrequencyProtectionValue;U16;0,01;Hz;4000;7000;RW
0883;FirstOverfrequencyProtectionTime;U16;10;ms;1;65535;RW
0884;SecondOverfrequencyProtectionValue;U16;0,01;Hz;4000;7000;RW
0885;SecondOverfrequencyProtectionTime;U16;10;ms;1;65535;RW
0886;ThirdOverfrequencyProtectionValue;U16;0,01;Hz;4000;7000;RW
0887;ThirdOverfrequencyProtectionTime;U16;10;ms;1;65535;RW
0888;FirstUnderfrequencyProtectionValue;U16;0,01;Hz;4000;7000;RW
0889;FirstUnderfrequencyProtectionTime;U16;10;ms;1;65535;RW
088A;SecondUnderfrequencyProtectionValue;U16;0,01;Hz;4000;7000;RW
088B;SecondUnderfrequencyProtectionTime;U16;10;ms;1;65535;RW
088C;ThirdUnderfrequencyProtectionValue;U16;0,01;Hz;4000;7000;RW
088D;ThirdUnderfrequencyProtectionTime;U16;10;ms;1;65535;RW
088E;FirstOverfrequencyProtectionTimeHi;U16;;;0;255;RW
088F;SecondOverfrequencyProtectionTimeHi;U16;;;0;255;RW
0890;ThirdOverfrequencyProtectionTimeHi;U16;;;0;255;RW
0891;FirstUnderfrequencyProtectionTimeHi;U16;;;0;255;RW
0892;SecondUnderfrequencyProtectionTimeHi;U16;;;0;255;RW
0893;ThirdUnderfrequencyProtectionTimeHi;U16;;;0;255;RW
08C0;DCI Config;U16;;;;;RW
08C1;DCIFirstProtectionValue;U16;1;mA;1;65535;RW
08C2;DCIFirstProtectionTime;U16;10;ms;1;65535;RW
08C3;DCISecondProtectionValue;U16;1;mA;1;65535;RW
08C4;DCISecondProtectionTime;U16;10;ms;1;65535;RW
08C5;DCIThirdProtectionValue;U16;1;mA;1;65535;RW
08C6;DCIThirdProtectionTime;U16;10;ms;1;65535;RW
08C7;DCITestValue1;I16;1;mA;-32768;32767;RW
08C8;DCITestValue2;I16;1;mA;-32768;32767;RW
08C9;DCITestValue3;I16;1;mA;-32768;32767;RW
08CA;DCIFirstProtectionProportion;U16;0,01;%;1;65535;RW
08CB;DCISecondProtectionProportion;U16;0,01;%;1;65535;RW
08CC;DCIThirdProtectionProportion;U16;0,01;%;1;65535;RW
0900;Remote Config;U16;;;;;RW
0901;ActiveOutputLimit;U16;0,1;%;0;1000;RW
0902;ActiveOutputDownSpeed;U16;1;%Pn/min;1;300;RW
0903;GridVoltageDropStart;U16;0,1;V;0;65535;RW
0904;GridVoltageDropStop;U16;0,1;V;0;65535;RW
0905;GridVoltageDropMinPower;I16;1;%;-100;100;RW
0906;OvervoltageDownSpeed;U16;1;%Pn/min;1;300;RW
0907;ChgDerateVoltStart;U16;0,1;V;0;65535;RW
0908;ChgDerateVoltEnd;U16;0,1;V;0;65535;RW
0909;ChgDerateMinPower;I16;1;%;-100;100;RW
090A;PowerForLogic1 -- 8;I16;1;%;-100;100;RW
090B;PowerForLogic1 -- 8;I16;1;%;-100;100;RW
090C;PowerForLogic1 -- 8;I16;1;%;-100;100;RW
090D;PowerForLogic1 -- 8;I16;1;%;-100;100;RW
090E;PowerForLogic1 -- 8;I16;1;%;-100;100;RW
090F;PowerForLogic1 -- 8;I16;1;%;-100;100;RW
0910;PowerForLogic1 -- 8;I16;1;%;-100;100;RW
0911;PowerForLogic1 -- 8;I16;1;%;-100;100;RW
0912;RefluxPower;U16;1;%;0;100;RW
0913;RefluxOVloadTime;U16;10;ms;0;65535;RW
0914;LogicDerateSpeed;U16;1;%Pn/min;1;65535;RW
0915;LogicReloadSpeed;U16;1;%Pn/min;1;65535;RW
0916;VoltageDerateResponseTime;U16;1;?;0;65535;RW
0917;PowerDownSpeed;U16;1;%Pn/min;1;3000;RW
0940;FrequencyDerateConfig;U16;;;;;RW
0941;OverfrequencyStart;U16;0,01;Hz;4000;7000;RW
0942;OverfrequencyEnd;U16;0,01;Hz;4000;7000;RW
0943;OverfrequencySlope;U16;1;%Pn/Hz;1;300;RW
0944;OverfrequencyResponseDelay;U16;10;ms;0;65535;RW
0945;OverfrequencyReloadDelay;U16;10;ms;0;65535;RW
0946;OverfrequencyReloadStart;U16;0,01;Hz;4000;7000;RW
0947;OverfrequencyReloadSpeed;U16;1;%Pn/min;1;300;RW
0948;UnderfrequencyStart;U16;0,01;Hz;4000;7000;RW
0949;UnderfrequencyEnd;U16;0,01;Hz;4000;7000;RW
094A;UnderfrequencySlope;U16;1;%Pn/Hz;1;300;RW
094B;UnderfrequencyResponseDelay;U16;10;ms;0;65535;RW
094C;UnderfrequencyReloadDelay;U16;10;ms;0;65535;RW
094D;UnderfrequencyReloadStart;U16;0,01;Hz;4000;7000;RW
094E;UnderfrequencyReloadSpeed;U16;1;%Pn/min;1;300;RW
094F;FrequencyRecoverMax;U16;0,01;Hz;4000;7000;RW
0950;FrequencyRecoverMin;U16;0,01;Hz;4000;7000;RW
0951;ESSOverFrequencyStart;U16;0,01;Hz;4000;7000;RW
0952;ESSOverfrequencyEnd;U16;0,01;Hz;4000;7000;RW
0953;ESSOverFrequencySlope;U16;1;%Pn/Hz;1;300;RW
0954;ESSOverFrequencyResponseDelay;U16;10;ms;0;65535;RW
0955;ESSOverFrequencyReloadDelay;U16;10;ms;0;65535;RW
0956;ESSOverfrequencyReloadStart;U16;0,01;Hz;4000;7000;RW
0957;ESSOverFrequencyReloadSpeed;U16;1;%Pn/min;1;300;RW
0958;ESSUnderFrequencyStart;U16;0,01;Hz;4000;7000;RW
0959;ESSUnderfrequencyEnd;U16;0,01;Hz;4000;7000;RW
095A;ESSUnderFrequencySlope;U16;1;%Pn/Hz;1;300;RW
095B;ESSUnderFrequencyResponseDelay;U16;10;ms;0;65535;RW
095C;ESSUnderFrequencyReloadDelay;U16;10;ms;0;65535;RW
095D;ESSUnderfrequencyReloadStart;U16;0,01;Hz;4000;7000;RW
095E;ESSUnderFrequencyReloadSpeed;U16;1;%Pn/min;1;300;RW
095F;ESSFrequencyRecoverMax;U16;0,01;Hz;4000;7000;RW
0960;ESSFrequencyRecoverMin;U16;0,01;Hz;4000;7000;RW
0961;ESSOverFrequencyTransition;U16;0,01;Hz;4000;7000;RW
0962;ESSUnderFrequencyTransition;U16;0,01;Hz;4000;7000;RW
0980;ReactiveConfig;U16;;;;;RW
0981;PowerFactor;I16;0,0001;;-10000;10000;RW
0982;FixedReactivePercentage;I16;0,01;%;-6000;6000;RW
0983;ReactiveCos1;I16;0,0001;;-10000;10000;RW
0984;ReactivedynamicValue1;I16;1;%;-100;100;RW
0985;ReactiveCos2;I16;0,0001;;-10000;10000;RW
0986;ReactivedynamicValue2;I16;1;%;-100;100;RW
0987;ReactiveCos3;I16;0,0001;;-10000;10000;RW
0988;ReactivedynamicValue3;I16;1;%;-100;100;RW
0989;ReactiveCos4;I16;0,0001;;-10000;10000;RW
098A;ReactivedynamicValue4;I16;1;%;-100;100;RW
098B;LockinV;U16;1;%;0;200;RW
098C;LockoutV;U16;1;%;0;200;RW
098D;HighVoltStartValue4;U16;1;%;0;200;RW
098E;HighVoltEndValue4;U16;1;%;0;200;RW
098F;LowVoltStartValue4;U16;1;%;0;200;RW
0990;LowVoltEndValue4;U16;1;%;0;200;RW
0991;LockinPower4;U16;1;%;0;100;RW
0992;LockoutPower4;U16;1;%;0;100;RW
0993;MaxLeadingReactivePower4;U16;0,01;%Pn;0;10000;RW
0994;ReactiveResponseWaitTime4;U16;10;ms;0;65535;RW
0995;ReactivePowerOffset4;I16;0,01;%Qmax;-10000;10000;RW
0996;ReactivePowerStart4;U16;0,01;%Pn;-10000;10000;RW
0997;HighVoltStartValue5;U16;1;%;0;200;RW
0998;HighVoltEndValue5;U16;1;%;0;200;RW
0999;LowVoltStartValue5;U16;1;%;0;200;RW
099A;LowVoltEndValue5;U16;1;%;0;200;RW
099B;LockinPower5;U16;1;%;0;100;RW
099C;LockoutPower5;U16;1;%;0;100;RW
099D;MaxReactivePower5;U16;0,01;%;0;10000;RW
099E;ReactiveResponseWaitTime5;U16;10;ms;0;65535;RW
099F;PhaseType;U16;;;0;2;RW
09A0;ReactiveResponsePeriod;U16;1;?;1;65535;RW
09A1;MaxLaggingReactivePower4;U16;0,01;%Pn;0;10000;RW
09C0;VRTConfig;U16;;;;;RW
09C1;LvrtInVolt;U16;1;%;0;65535;RW
09C2;LvrtFirstPointVolt;U16;1;%;0;65535;RW
09C3;LvrtFirstPointTime;U16;1;ms;0;65535;RW
09C4;LvrtSecondPointVolt;U16;1;%;0;65535;RW
09C5;LvrtSecondPointTime;U16;1;ms;0;65535;RW
09C6;LvrtThirdPointVolt;U16;1;%;0;65535;RW
09C7;LvrtThirdPointTime;U16;1;ms;0;65535;RW
09C8;LvrtFourthPointVolt;U16;1;%;0;65535;RW
09C9;LvrtFourthPointTime;U16;1;ms;0;65535;RW
09CA;LvrtReactiveCurrentCoefficientK;U16;0,1;p.u.;0;65535;RW
09CB;LvrtWaitingTimeAfterVoltageRecovery;U16;1;ms;0;65535;RW
09CC;LvrtPowerBackRate;U16;1;%Pn/min;1;300;RW
09CD;OvrtInVlot;U16;1;%;0;65535;RW
09CE;OvrtFirstPointVolt;U16;1;%;0;65535;RW
09CF;OvrtFirstPointTime;U16;10;ms;0;65535;RW
09D0;OvrtSecondPointVolt;U16;1;%;0;65535;RW
09D1;OvrtSecondPointTime;U16;10;ms;0;65535;RW
09D2;OvrtThirdPointVolt;U16;1;%;0;65535;RW
09D3;OvrtThirdPointTime;U16;10;ms;0;65535;RW
09D4;OvrtFourthPointVolt;U16;1;%;0;65535;RW
09D5;OvrtFourthPointTime;U16;10;ms;0;65535;RW
09D6;OvrtReactiveCurrentCoefficientK;U16;0,1;p.u.;0;65535;RW
09D7;OvrtWaitingTimeAfterVoltageRecovery;U16;1;ms;0;65535;RW
09D8;OvrtPowerBackRate;U16;1;%Pn/min;1;300;RW
09D9;ZeroCurrentModeInLowVolt;U16;1;%;0;65535;RW
09DA;ZeroCurrentModeInHighVolt;U16;1;%;0;65535;RW
09DB;LvrtOutVolt;U16;1;%;0;65535;RW
09DC;LvrtIqVoltStart;U16;1;%;0;65535;RW
09DD;OvrtOutVolt;U16;1;%;0;65535;RW
09DE;OvrtIqVoltStart;U16;1;%;0;65535;RW
09DF;MaxUnbalanceIqPct;U16;1;%;0;65535;RW
0A00;IslandConfig;U16;;;;;RW
0A01;GFCIConfig;U16;;;;;RW
0A02;ISOConfig;U16;;;;;RW
0A03;InsulationProtectionValue;U16;1;k?;30;65535;RW
0A04;IsoLeakageCurrentLimit;U16;1;mA;1;50;RW
0A05;GFCILimit;U16;1;mA/kVA;1;50;RW
0A06;PE_N_Config;U16;;;;;RW
0A07;IslandDetectSensitivity;U16;;;;;RW
0A08;PEProtectionValue;U16;1;k?;1000;65535;RW
1000;AddressMask_Config_Basic1;U64;;;;;R
1001;;;;;;;
1002;;;;;;;
1003;;;;;;;
1004;SysTimeConfig_Year;U16;;Year;0;99;RW
1005;SysTimeConfig_Month;U16;;January;1;12;RW
1006;SysTimeConfig_Date;U16;;Day;1;31;RW
1007;SysTimeConfig_Hour;U16;;hour;0;23;RW
1008;SysTimeConfig_Minute;U16;;minutes;0;59;RW
1009;SysTimeConfig_Second;U16;;seconds;0;59;RW
100A;SysTimeConfig_Control;U16;;;1;1;RW
100B;RS485Config_Address;U16;;;1;247;RW
100C;RS485Config_Baud;U16;;;0;4;RW
100D;RS485Config_StopBit;U16;;;0;2;RW
100E;RS485Config_ParityBit;U16;;;0;4;RW
100F;RS485Config_Control;U16;;;1;1;RW
1010;PV_InputMode_Config;U16;;;0;1;RW
1011;InputType_Channel0_Config;U16;;;0;255;RW
1012;InputType_Channel1_Config;U16;;;0;255;RW
1013;InputType_Channel2_Config;U16;;;0;255;RW
1014;InputType_Channel3_Config;U16;;;0;255;RW
1015;InputType_Channel4_Config;U16;;;0;255;RW
1016;InputType_Channel5_Config;U16;;;0;255;RW
1017;InputType_Channel6_Config;U16;;;0;255;RW
1018;InputType_Channel7_Config;U16;;;0;255;RW
1019;InputType_Channel8_Config;U16;;;0;255;RW
101A;InputType_Channel9_Config;U16;;;0;255;RW
101B;InputType_Channel10_Config;U16;;;0;255;RW
101C;InputType_Channel11_Config;U16;;;0;255;RW
101D;InputType_Channel12_Config;U16;;;0;255;RW
101E;InputType_Channel13_Config;U16;;;0;255;RW
101F;InputType_Channel14_Config;U16;;;0;255;RW
1020;InputType_Channel15_Config;U16;;;0;255;RW
1021;InputType_Control;U16;;;1;1;RW
1022;SafetyUpdateFromUSB_Control;U16;;;1;1;RW
1023;AntiReflux_Control;U16;;;0;2;RW
1024;AntiReflux_Power;U16;100;W;0;65535;RW
1025;IVCurveScan_Control;U16;;;0;1;RW
1026;IVCurveScan_Period;U16;1;Minutes;5;65535;RW
1027;IVCurveScan_Oneshot;U16;;;1;1;RW
1028;IVCurveScan_ReadChannel;U16;;;0;31;RW
1029;EPS_Control;U16;;;0;2;RW
102A;EPS_WaitTime;U16;1;seconds;0;65535;RW
102B;BatteryActive_Control;U16;;;0;1;RW
102C;BatteryActive_Oneshot;U16;;;1;1;RW
102D;CT_Auto_Calibrate;U16;;;1;1;RW
102E;Italy_AutoTest;U16;;;1;2;RW
1030;EnergyStatistics_Date_Year;U16;1;Year;0;19;RW
1031;EnergyStatistics_Date_Month;U16;1;Month;1;12;RW
1032;EnergyStatistics_Date_Date;U16;1;Date;1;31;RW
1033;EnergyStatistics_Config;U16;;;;;RW
1034;Language;U16;;;0;65535;RW
1035;Parallel_Control;U16;;;0;2;RW
1036;Parallel_Master_Slave;U16;;;0;1;RW
1037;Parallel_Address;U16;;;0;10;RW
1038;UnbalancedSupport_Control;U16;;;0;1;RW
1039;PV_Generation_Ratio;U16;0,001;p.u.;800;3600;RW
103A;Energy_Purchase_Ratio;U16;0,001;p.u.;800;1500;RW
103B;Energy_Selling_Ratio;U16;0,001;p.u.;800;1500;RW
103C;Bat_Charge_Ratio;U16;0,001;p.u.;800;1500;RW
103D;Bat_Discharge_Ratio;U16;0,001;p.u.;800;1500;RW
103E;LogicInterface_Control;U16;;;0;1;RW
1040;AddressMask_Config_Basic2;U64;;;;;R
1041;;;;;;;
1042;;;;;;;
1043;;;;;;;
1044;BatConfig_ID;U16;;;0;7;RW
1045;BatConfig_Address;U16;;;0;99;RW
1046;BatConfig_Protocol;U16;;;0;65535;RW
1047;BatConfig_Voltage_Over;U16;0,1;V;0;65535;RW
1048;BatConfig_Voltage_Charge;U16;0,1;V;0;65535;RW
1049;BatConfig_Voltage_Lack;U16;0,1;V;0;65535;RW
104A;BatConfig_Voltage_Discharge_Stop;U16;0,1;V;0;65535;RW
104B;BatConfig_Current_Charge_Limit;U16;0,01;A;0;65535;RW
104C;BatConfig_Current_Discharge_Limit;U16;0,01;A;0;65535;RW
104D;BatConfig_Depth_of_Discharge;U16;1;%;1;90;RW
104E;BatConfig_End_of_Discharge;U16;1;%;1;90;RW
104F;BatConfig_Capacity;U16;1;Ah;1;65535;RW
1050;BatConfig_Voltage_Nominal;U16;0,1;V;0;65535;RW
1051;BatConfig_Cell_Type;U16;1;;0;3;RW
1052;BatConfig_EPS_Buffer;U16;1;%;5;100;RW
1053;BatConfig_Control;U16;;;;;RW
1054;BatConfig_Address2;U16;;;0;99;RW
1055;BatConfig_Address3;U16;;;0;99;RW
1056;BatConfig_Address4;U16;;;0;99;RW
1057;BatConfig_TEMPCO;I16;0,1;mV/Cell;-60;0;RW
1058;BatConfig_Voltage_Recovery_Buffer;U16;0,1;V;;;RW
1059;BatConfig_Control_Bits;U16;;;;;RW
105A;BatConfig_Voltage_Float;U16;0,1;V;;;RW
1060;PCCSampleMode;U16;;;0;2;RW
1061;Resonance_Sensitivity;U16;;;1;100;RW
1062;CT_rate;U16;;;;;RW
1063;Hard_Reflux_Config;U16;;;;;RW
1064;Dry_Contact;U16;;;0;3;RW
1065;Wet_Contact;U16;;;0;;RW
1066 ;pv_branch_current_limit;U16;0,1;A;0;65535;RW
1080;AddressMask_Config_Basic3;U64;;;;;R
1081;;;;;;;
1082;;;;;;;
1083;;;;;;;
1084;ArcingAlarmEnable;U16;;;1;;RW
1085;PeakToPeakSet;U16;1;;0x64;;RW
1086;VarianceSet;U16;1;;0x95;;RW
1087;HarmonicEnergySet;U16;1;;0x01;;RW
1088;AmplitudeVarianceSet;U16;1;;0x01;;RW
1089;TimeDomWeiSet;U16;1;;0x01;;RW
108A;FreDomWeiSet;U16;1;;0x05;;RW
108B;ArcDetectSensitivity;U16;1;;0x14;;RW
108C;ArcAlarmShutdownThreshold;U16;1;;0x05;;RW
108D;ArcSelfCheckCommand;U16;;;0x01;;RW
108E;ArcingAlarmClear;U16;1;;0x1234;0x1234;RW
108F;ArcAlarmCnt;U16;1;;;;RW
1090;AfciResult;U16;1;;;;R
1091;SelfCheckResult;U16;;;;;R
1092;SelfCheckState;U16;;;;;R
10A0;PLC_Enable_Setting;U16;;;;;RW
10A1;PLC_Com_Property;U16;NULL;NULL;;;RW
10A5;BLE_Enable_Setting;U16;NULL;NULL;;1;RW
10A6;BLE_Com_Property;U16;NULL;NULL;;65535;RW
10B0;PID_Auto_running_enable;U16;;;;1;RW
10B1;PID_Working_Start_Time;BCD16;1;Minute;;2359;RW
10B2;PID_Working_Hours;U16;1;Minute;;65535;RW
10B3;PID_Working_PV_Threshold;U16;0,1;V;;65535;RW
10B4;PID_Break_Restart_Delay;U16;1;Minute;;65535;RW
1100;AddressMask_Config_Remote1;U64;;;;;R
1101;;;;;;;
1102;;;;;;;
1103;;;;;;;
1104;Remote_On_Off_Control;U16;;;0;1;RW
1105;Power_Control;U16;;;;;RW
1106;Active_Power_Export_Limit;U16;0,1;%;0;1000;RW
1107;Active_Power_Import_Limit;U16;0,1;%;0;1000;RW
1108;Reactive_Power_Setting;I16;0,1;%;-1000;1000;RW
1109;Power_Factor_Setting;I16;0,01;p.u.;-100;100;RW
110A;Active_Power_Limit_Speed;U16;1;%;1;65535;RW
110B;Reactive_Power_Response_Time;U16;0,1;second;0;65535;RW
110C;SVG_Fixed_Reactive_Power_Setting;I16;0,1;kVar;-32768;32767;RWV
110D;;;;;;;
110E;;;;;;;
110F;;;;;;;
1110;Energy_Storage_Mode_Control;U16;;;0;4;RW
1111;Timing_ID;U16;;;0;3;RW
1112;Timing_On_Off_Control;U16;;;0;1;RW
1113;Timing_Charge_Start;U16;"11";"hoursminutes";"00";"2359";RW
1114;Timing_Charge_End;U16;"11";"hoursminutes";"00";"2359";RW
1115;Timing_Discharge_Start;U16;"11";"hoursminutes";"00";"2359";RW
1116;Timing_Discharge_End;U16;"11";"hoursminutes";"00";"2359";RW
1117;Timing_Power_Charge;U32;1;W;1;4294967296 ;RW
1118;;;;;;;
1119;Timing_Power_Discharge;U32;1;W;1;4294967296 ;RW
111A;;;;;;;
111B;Timing_Rsvd1;;;;;;
111C;Timing_Rsvd2;;;;;;
111D;Timing_Rsvd3;;;;;;
111E;Timing_Rsvd4;;;;;;
111F;Timing_Control;U16;;;1;1;RW
1120;TOU_ID;U16;;;0;7;RW
1121;TOU_On_Off_Control;U16;;;0;1;RW
1122;TOU_Charge_Start;U16;"11";"hoursminutes";"00";"2359";RW
1123;TOU_Charge_End;U16;"11";"hoursminutes";"00";"2359";RW
1124;TOU_Charge_Target_SOC;U16;1;%;30;100;RW
1125;TOU_Charge_Power;U32;1;W;1;4294967296 ;RW
1126;;;;;;;
1127;TOU_Executed_Date_Start;U16;"11";"monthday";"11";"1231";RW
1128;TOU_Executed_Date_End;U16;"11";"monthday";"11";"1231";RW
1129;TOU_Executed_Day_of_Week;U16;;;;;RW
112A;TOU_Rsvd1;;;;;;
112B;TOU_Rsvd2;;;;;;
112C;TOU_Rsvd3;;;;;;
112D;TOU_Rsvd4;;;;;;
112E;TOU_Rsvd5;;;;;;
112F;TOU_Control;U16;;;1;1;RW
1130;Peak_Shaving_Discharge_Threshold;U32;1;W;100;;RW
1131;;;;;;;
1132;Peak_Shaving_Charge_Threshold;U32;1;W;100;;RW
1133;;;;;;;
1140;AddressMask_Config_Remote2;U64;;;;;R
1141;;;;;;;
1142;;;;;;;
1143;;;;;;;
1144;Off_Grid_Charge_Source;U16;;;0;2;RW
1145;Off_Grid_Grid_Power;U16;0,01;kW;0;65535;RW
1146;Off_Grid_DG_Power;U16;0,01;kW;0;65535;RW
1180;AddressMask_Config_Remote3;U64;;;;;R
1181;;;;;;;
1182;;;;;;;
1183;;;;;;;
1184;Passive_Timeout;U16;1;seconds;0;65535;RW
1185;Passive_Timeout_Action;U16;;;0;1;RW
1186;Passive_Rsvd1;;;;;;
1187;Passive_Manual_Gdes;I32;1;W;-2147483648;2147483647 ;RW
1188;;;;;;;
1189;Passive_Manual_Blo;I32;1;W;-2147483648;2147483647 ;RW
118A;;;;;;;
118B;Passive_Manual_Bup;I32;1;W;-2147483648;2147483647 ;RW
118C;;;;;;;
118D;Passive_Manual_Gdzup;I32;1;W;-2147483648;2147483647 ;RW
118E;;;;;;;
118F;Passive_Manual_Gdzlo;I32;1;W;-2147483648;2147483647 ;RW
1190;;;;;;;
1191;Passive_Scheduler_Gdes_Ante;I32;1;W;-2147483648;2147483647 ;RW
1192;;;;;;;
1193;Passive_Scheduler_Blo_Ante;I32;1;W;-2147483648;2147483647 ;RW
1194;;;;;;;
1195;Passive_Scheduler_Bup_Ante;I32;1;W;-2147483648;2147483647 ;RW
1196;;;;;;;
1197;Passive_Scheduler_Gdzup_Ante;I32;1;W;-2147483648;2147483647 ;RW
1198;;;;;;;
1199;Passive_Scheduler_Gdzlo_Ante;I32;1;W;-2147483648;2147483647 ;RW
119A;;;;;;;
119B;Passive_Scheduler_Gdes_Post;I32;1;W;-2147483648;2147483647 ;RW
119C;;;;;;;
119D;Passive_Scheduler_Blo_Post;I32;1;W;-2147483648;2147483647 ;RW
119E;;;;;;;
119F;Passive_Scheduler_Bup_Post;I32;1;W;-2147483648;2147483647 ;RW
11A0;;;;;;;
11A1;Passive_Scheduler_Gdzup_Post;I32;1;W;-2147483648;2147483647 ;RW
11A2;;;;;;;
11A3;Passive_Scheduler_Gdzlo_Post;I32;1;W;-2147483648;2147483647 ;RW
11A4;;;;;;;
11A5;Passive_Scheduler_StartTime;U32;1;seconds;0;4294967296 ;RW
11A6;;;;;;;
11A7;Passive_Scheduler_DurationTime;U32;1;seconds;0;4294967296 ;RW
11A8;;;;;;;
11A9;Passive_Scheduler_ManagementMode;U16;;;0;2;RW
11AA;;;;;;;
11AB;;;;;;;
11AC;;;;;;;
11AD;;;;;;;
11AE;;;;;;;
11AF;;;;;;;
11B0;;;;;;;
11B1;;;;;;;
11B2;;;;;;;
11B3;;;;;;;
11B4;;;;;;;
11B5;;;;;;;
11B6;;;;;;;
11B7;;;;;;;
11B8;;;;;;;
11B9;;;;;;;
11BA;;;;;;;
11BB;;;;;;;
11BC;;;;;;;
11BD;;;;;;;
11BE;;;;;;;
11BF;;;;;;;
11C0;AddressMask_Config_Remote4;U64;;;;;R
11C1;;;;;;;
11C2;;;;;;;
11C3;;;;;;;
11C4;CommBreak_Protect_Enable;U16;1;;0;65535;RW
11C5;CommBreak_Recovery_Mode;U16;1;;0;65535;RW
11C6;CommBreak_Threshold_Time;U16;1;min;10;120;RW
11C7;CommBreak_Mode_Judge;U16;1;;0;65535;RW
11C8;CommBreak_Alarm_Clear;U16;1;;0;65535;W
1300;AddressMask_Config_ReadOnly_Result1;U64;;;;;R
1301;;;;;;;
1302;;;;;;;
1303;;;;;;;
1304;Italay_Autotest_Result1;U16;0,1;V;;;R
1305;Italay_Autotest_Result2;U16;1;ms;;;R
1306;Italay_Autotest_Result3;U16;0,1;V;;;R
1307;Italay_Autotest_Result4;U16;1;ms;;;R
1308;Italay_Autotest_Result5;U16;0,1;V;;;R
1309;Italay_Autotest_Result6;U16;1;ms;;;R
130A;Italay_Autotest_Result7;U16;0,1;V;;;R
130B;Italay_Autotest_Result8;U16;1;ms;;;R
130C;Italay_Autotest_Result9;U16;0,1;V;;;R
130D;Italay_Autotest_Result10;U16;1;ms;;;R
130E;Italay_Autotest_Result11;U16;0,1;V;;;R
130F;Italay_Autotest_Result12;U16;1;ms;;;R
1310;Italay_Autotest_Result13;U16;0,1;V;;;R
1311;Italay_Autotest_Result14;U16;1;ms;;;R
1312;Italay_Autotest_Result15;U16;0,1;V;;;R
1313;Italay_Autotest_Result16;U16;1;ms;;;R
1314;Italay_Autotest_Result17;U16;0,01;Hz;;;R
1315;Italay_Autotest_Result18;U16;1;ms;;;R
1316;Italay_Autotest_Result19;U16;0,01;Hz;;;R
1317;Italay_Autotest_Result20;U16;1;ms;;;R
1318;Italay_Autotest_Result21;U16;0,01;Hz;;;R
1319;Italay_Autotest_Result22;U16;1;ms;;;R
131A;Italay_Autotest_Result23;U16;0,01;Hz;;;R
131B;Italay_Autotest_Result24;U16;1;ms;;;R
131C;Italay_Autotest_Result25;U16;0,01;Hz;;;R
131D;Italay_Autotest_Result26;U16;1;ms;;;R
131E;Italay_Autotest_Result27;U16;0,01;Hz;;;R
131F;Italay_Autotest_Result28;U16;1;ms;;;R
1320;Italay_Autotest_Result29;U16;0,01;Hz;;;R
1321;Italay_Autotest_Result30;U16;1;ms;;;R
1322;Italay_Autotest_Result31;U16;0,01;Hz;;;R
1323;Italay_Autotest_Result32;U16;1;ms;;;R
1324;Italay_Autotest_Result33;;;;;;
1325;Italay_Autotest_Result34;;;;;;
1326;Italay_Autotest_Result35;;;;;;
1327;Italay_Autotest_Result36;;;;;;
1328;Italay_Autotest_Result37;;;;;;
1329;Italay_Autotest_Result38;;;;;;
132A;Italay_Autotest_Result39;;;;;;
132B;Italay_Autotest_Result40;;;;;;
132C;Italay_Autotest_Result41;;;;;;
132D;Italay_Autotest_Result42;;;;;;
132E;Italay_Autotest_Result43;;;;;;
132F;Italay_Autotest_Result44;;;;;;
1330;Italay_Autotest_Result45;;;;;;
1331;Italay_Autotest_Result46;;;;;;
1332;Italay_Autotest_Result47;;;;;;
1333;Italay_Autotest_Result48;;;;;;
1340;AddressMask_Config_ReadOnly_Result2;U64;;;;;R
1341;;;;;;;
1342;;;;;;;
1343;;;;;;;
1344;IVCurve_Voltage1;U16;0,1;V;;;R
1345;IVCurve_Current1;U16;0,01;A;;;R
1346;IVCurve_Voltage2;U16;0,1;V;;;R
1347;IVCurve_Current2;U16;0,01;A;;;R
1348;IVCurve_Voltage3;U16;0,1;V;;;R
1349;IVCurve_Current3;U16;0,01;A;;;R
134A;IVCurve_Voltage4;U16;0,1;V;;;R
134B;IVCurve_Current4;U16;0,01;A;;;R
134C;IVCurve_Voltage5;U16;0,1;V;;;R
134D;IVCurve_Current5;U16;0,01;A;;;R
134E;IVCurve_Voltage6;U16;0,1;V;;;R
134F;IVCurve_Current6;U16;0,01;A;;;R
1350;IVCurve_Voltage7;U16;0,1;V;;;R
1351;IVCurve_Current7;U16;0,01;A;;;R
1352;IVCurve_Voltage8;U16;0,1;V;;;R
1353;IVCurve_Current8;U16;0,01;A;;;R
1354;IVCurve_Voltage9;U16;0,1;V;;;R
1355;IVCurve_Current9;U16;0,01;A;;;R
1356;IVCurve_Voltage10;U16;0,1;V;;;R
1357;IVCurve_Current10;U16;0,01;A;;;R
1358;IVCurve_Voltage11;U16;0,1;V;;;R
1359;IVCurve_Current11;U16;0,01;A;;;R
135A;IVCurve_Voltage12;U16;0,1;V;;;R
135B;IVCurve_Current12;U16;0,01;A;;;R
135C;IVCurve_Voltage13;U16;0,1;V;;;R
135D;IVCurve_Current13;U16;0,01;A;;;R
135E;IVCurve_Voltage14;U16;0,1;V;;;R
135F;IVCurve_Current14;U16;0,01;A;;;R
1360;IVCurve_Voltage15;U16;0,1;V;;;R
1361;IVCurve_Current15;U16;0,01;A;;;R
1362;IVCurve_Voltage16;U16;0,1;V;;;R
1363;IVCurve_Current16;U16;0,01;A;;;R
1364;IVCurve_Voltage17;U16;0,1;V;;;R
1365;IVCurve_Current17;U16;0,01;A;;;R
1366;IVCurve_Voltage18;U16;0,1;V;;;R
1367;IVCurve_Current18;U16;0,01;A;;;R
1368;IVCurve_Voltage19;U16;0,1;V;;;R
1369;IVCurve_Current19;U16;0,01;A;;;R
136A;IVCurve_Voltage20;U16;0,1;V;;;R
136B;IVCurve_Current20;U16;0,01;A;;;R
136C;IVCurve_Voltage21;U16;0,1;V;;;R
136D;IVCurve_Current21;U16;0,01;A;;;R
136E;IVCurve_Voltage22;U16;0,1;V;;;R
136F;IVCurve_Current22;U16;0,01;A;;;R
1370;IVCurve_Voltage23;U16;0,1;V;;;R
1371;IVCurve_Current23;U16;0,01;A;;;R
1372;IVCurve_Voltage24;U16;0,1;V;;;R
1373;IVCurve_Current24;U16;0,01;A;;;R
1374;IVCurve_Voltage25;U16;0,1;V;;;R
1375;IVCurve_Current25;U16;0,01;A;;;R
1376;IVCurve_Voltage26;U16;0,1;V;;;R
1377;IVCurve_Current26;U16;0,01;A;;;R
1378;IVCurve_Voltage27;U16;0,1;V;;;R
1379;IVCurve_Current27;U16;0,01;A;;;R
137A;IVCurve_Voltage28;U16;0,1;V;;;R
137B;IVCurve_Current28;U16;0,01;A;;;R
137C;IVCurve_Voltage29;U16;0,1;V;;;R
137D;IVCurve_Current29;U16;0,01;A;;;R
137E;IVCurve_Voltage30;U16;0,1;V;;;R
137F;IVCurve_Current30;U16;0,01;A;;;R
1380;AddressMask_Config_ReadOnly_Result3;U64;;;;;R
1381;;;;;;;
1382;;;;;;;
1383;;;;;;;
1384;IVCurve_Voltage31;U16;0,1;V;;;R
1385;IVCurve_Current31;U16;0,01;A;;;R
1386;IVCurve_Voltage32;U16;0,1;V;;;R
1387;IVCurve_Current32;U16;0,01;A;;;R
1388;IVCurve_Voltage33;U16;0,1;V;;;R
1389;IVCurve_Current33;U16;0,01;A;;;R
138A;IVCurve_Voltage34;U16;0,1;V;;;R
138B;IVCurve_Current34;U16;0,01;A;;;R
138C;IVCurve_Voltage35;U16;0,1;V;;;R
138D;IVCurve_Current35;U16;0,01;A;;;R
138E;IVCurve_Voltage36;U16;0,1;V;;;R
138F;IVCurve_Current36;U16;0,01;A;;;R
1390;IVCurve_Voltage37;U16;0,1;V;;;R
1391;IVCurve_Current37;U16;0,01;A;;;R
1392;IVCurve_Voltage38;U16;0,1;V;;;R
1393;IVCurve_Current38;U16;0,01;A;;;R
1394;IVCurve_Voltage39;U16;0,1;V;;;R
1395;IVCurve_Current39;U16;0,01;A;;;R
1396;IVCurve_Voltage40;U16;0,1;V;;;R
1397;IVCurve_Current40;U16;0,01;A;;;R
1398;IVCurve_Voltage41;U16;0,1;V;;;R
1399;IVCurve_Current41;U16;0,01;A;;;R
139A;IVCurve_Voltage42;U16;0,1;V;;;R
139B;IVCurve_Current42;U16;0,01;A;;;R
139C;IVCurve_Voltage43;U16;0,1;V;;;R
139D;IVCurve_Current43;U16;0,01;A;;;R
139E;IVCurve_Voltage44;U16;0,1;V;;;R
139F;IVCurve_Current44;U16;0,01;A;;;R
13A0;IVCurve_Voltage45;U16;0,1;V;;;R
13A1;IVCurve_Current45;U16;0,01;A;;;R
13A2;IVCurve_Voltage46;U16;0,1;V;;;R
13A3;IVCurve_Current46;U16;0,01;A;;;R
13A4;IVCurve_Voltage47;U16;0,1;V;;;R
13A5;IVCurve_Current47;U16;0,01;A;;;R
13A6;IVCurve_Voltage48;U16;0,1;V;;;R
13A7;IVCurve_Current48;U16;0,01;A;;;R
13A8;IVCurve_Voltage49;U16;0,1;V;;;R
13A9;IVCurve_Current49;U16;0,01;A;;;R
13AA;IVCurve_Voltage50;U16;0,1;V;;;R
13AB;IVCurve_Current50;U16;0,01;A;;;R
13AC;IVCurve_Voltage51;U16;0,1;V;;;R
13AD;IVCurve_Current51;U16;0,01;A;;;R
13AE;IVCurve_Voltage52;U16;0,1;V;;;R
13AF;IVCurve_Current52;U16;0,01;A;;;R
13B0;IVCurve_Voltage53;U16;0,1;V;;;R
13B1;IVCurve_Current53;U16;0,01;A;;;R
13B2;IVCurve_Voltage54;U16;0,1;V;;;R
13B3;IVCurve_Current54;U16;0,01;A;;;R
13B4;IVCurve_Voltage55;U16;0,1;V;;;R
13B5;IVCurve_Current55;U16;0,01;A;;;R
13B6;IVCurve_Voltage56;U16;0,1;V;;;R
13B7;IVCurve_Current56;U16;0,01;A;;;R
13B8;IVCurve_Voltage57;U16;0,1;V;;;R
13B9;IVCurve_Current57;U16;0,01;A;;;R
13BA;IVCurve_Voltage58;U16;0,1;V;;;R
13BB;IVCurve_Current58;U16;0,01;A;;;R
13BC;IVCurve_Voltage59;U16;0,1;V;;;R
13BD;IVCurve_Current59;U16;0,01;A;;;R
13BE;IVCurve_Voltage60;U16;0,1;V;;;R
13BF;IVCurve_Current60;U16;0,01;A;;;R
13C0;AddressMask_Config_ReadOnly_Result4;U64;;;;;R
13C1;;;;;;;
13C2;;;;;;;
13C3;;;;;;;
13C4;IVCurve_Voltage61;U16;0,1;V;;;R
13C5;IVCurve_Current61;U16;0,01;A;;;R
13C6;IVCurve_Voltage62;U16;0,1;V;;;R
13C7;IVCurve_Current62;U16;0,01;A;;;R
13C8;IVCurve_Voltage63;U16;0,1;V;;;R
13C9;IVCurve_Current63;U16;0,01;A;;;R
13CA;IVCurve_Voltage64;U16;0,1;V;;;R
13CB;IVCurve_Current64;U16;0,01;A;;;R
13CC;IVCurve_Voltage65;U16;0,1;V;;;R
13CD;IVCurve_Current65;U16;0,01;A;;;R
13CE;IVCurve_Voltage66;U16;0,1;V;;;R
13CF;IVCurve_Current66;U16;0,01;A;;;R
13D0;IVCurve_Voltage67;U16;0,1;V;;;R
13D1;IVCurve_Current67;U16;0,01;A;;;R
13D2;IVCurve_Voltage68;U16;0,1;V;;;R
13D3;IVCurve_Current68;U16;0,01;A;;;R
13D4;IVCurve_Voltage69;U16;0,1;V;;;R
13D5;IVCurve_Current69;U16;0,01;A;;;R
13D6;IVCurve_Voltage70;U16;0,1;V;;;R
13D7;IVCurve_Current70;U16;0,01;A;;;R
13D8;IVCurve_Voltage71;U16;0,1;V;;;R
13D9;IVCurve_Current71;U16;0,01;A;;;R
13DA;IVCurve_Voltage72;U16;0,1;V;;;R
13DB;IVCurve_Current72;U16;0,01;A;;;R
13DC;IVCurve_Voltage73;U16;0,1;V;;;R
13DD;IVCurve_Current73;U16;0,01;A;;;R
13DE;IVCurve_Voltage74;U16;0,1;V;;;R
13DF;IVCurve_Current74;U16;0,01;A;;;R
13E0;IVCurve_Voltage75;U16;0,1;V;;;R
13E1;IVCurve_Current75;U16;0,01;A;;;R
13E2;IVCurve_Voltage76;U16;0,1;V;;;R
13E3;IVCurve_Current76;U16;0,01;A;;;R
13E4;IVCurve_Voltage77;U16;0,1;V;;;R
13E5;IVCurve_Current77;U16;0,01;A;;;R
13E6;IVCurve_Voltage78;U16;0,1;V;;;R
13E7;IVCurve_Current78;U16;0,01;A;;;R
13E8;IVCurve_Voltage79;U16;0,1;V;;;R
13E9;IVCurve_Current79;U16;0,01;A;;;R
13EA;IVCurve_Voltage80;U16;0,1;V;;;R
13EB;IVCurve_Current80;U16;0,01;A;;;R
13EC;IVCurve_Voltage81;U16;0,1;V;;;R
13ED;IVCurve_Current81;U16;0,01;A;;;R
13EE;IVCurve_Voltage82;U16;0,1;V;;;R
13EF;IVCurve_Current82;U16;0,01;A;;;R
13F0;IVCurve_Voltage83;U16;0,1;V;;;R
13F1;IVCurve_Current83;U16;0,01;A;;;R
13F2;IVCurve_Voltage84;U16;0,1;V;;;R
13F3;IVCurve_Current84;U16;0,01;A;;;R
13F4;IVCurve_Voltage85;U16;0,1;V;;;R
13F5;IVCurve_Current85;U16;0,01;A;;;R
13F6;IVCurve_Voltage86;U16;0,1;V;;;R
13F7;IVCurve_Current86;U16;0,01;A;;;R
13F8;IVCurve_Voltage87;U16;0,1;V;;;R
13F9;IVCurve_Current87;U16;0,01;A;;;R
13FA;IVCurve_Voltage88;U16;0,1;V;;;R
13FB;IVCurve_Current88;U16;0,01;A;;;R
13FC;IVCurve_Voltage89;U16;0,1;V;;;R
13FD;IVCurve_Current89;U16;0,01;A;;;R
13FE;IVCurve_Voltage90;U16;0,1;V;;;R
13FF;IVCurve_Current90;U16;0,01;A;;;R
1400;AddressMask_Config_ReadOnly_Result5;U64;;;;;R
1401;;;;;;;
1402;;;;;;;
1403;;;;;;;
1404;IVCurve_Voltage91;U16;0,1;V;;;R
1405;IVCurve_Current91;U16;0,01;A;;;R
1406;IVCurve_Voltage92;U16;0,1;V;;;R
1407;IVCurve_Current92;U16;0,01;A;;;R
1408;IVCurve_Voltage93;U16;0,1;V;;;R
1409;IVCurve_Current93;U16;0,01;A;;;R
140A;IVCurve_Voltage94;U16;0,1;V;;;R
140B;IVCurve_Current94;U16;0,01;A;;;R
140C;IVCurve_Voltage95;U16;0,1;V;;;R
140D;IVCurve_Current95;U16;0,01;A;;;R
140E;IVCurve_Voltage96;U16;0,1;V;;;R
140F;IVCurve_Current96;U16;0,01;A;;;R
1410;IVCurve_Voltage97;U16;0,1;V;;;R
1411;IVCurve_Current97;U16;0,01;A;;;R
1412;IVCurve_Voltage98;U16;0,1;V;;;R
1413;IVCurve_Current98;U16;0,01;A;;;R
1414;IVCurve_Voltage99;U16;0,1;V;;;R
1415;IVCurve_Current99;U16;0,01;A;;;R
1416;IVCurve_Voltage100;U16;0,1;V;;;R
1417;IVCurve_Current100;U16;0,01;A;;;R
1418;IVCurve_Voltage101;U16;0,1;V;;;R
1419;IVCurve_Current101;U16;0,01;A;;;R
141A;IVCurve_Voltage102;U16;0,1;V;;;R
141B;IVCurve_Current102;U16;0,01;A;;;R
141C;IVCurve_Voltage103;U16;0,1;V;;;R
141D;IVCurve_Current103;U16;0,01;A;;;R
141E;IVCurve_Voltage104;U16;0,1;V;;;R
141F;IVCurve_Current104;U16;0,01;A;;;R
1420;IVCurve_Voltage105;U16;0,1;V;;;R
1421;IVCurve_Current105;U16;0,01;A;;;R
1422;IVCurve_Voltage106;U16;0,1;V;;;R
1423;IVCurve_Current106;U16;0,01;A;;;R
1424;IVCurve_Voltage107;U16;0,1;V;;;R
1425;IVCurve_Current107;U16;0,01;A;;;R
1426;IVCurve_Voltage108;U16;0,1;V;;;R
1427;IVCurve_Current108;U16;0,01;A;;;R
1428;IVCurve_Voltage109;U16;0,1;V;;;R
1429;IVCurve_Current109;U16;0,01;A;;;R
142A;IVCurve_Voltage110;U16;0,1;V;;;R
142B;IVCurve_Current110;U16;0,01;A;;;R
142C;IVCurve_Voltage111;U16;0,1;V;;;R
142D;IVCurve_Current111;U16;0,01;A;;;R
142E;IVCurve_Voltage112;U16;0,1;V;;;R
142F;IVCurve_Current112;U16;0,01;A;;;R
1430;IVCurve_Voltage113;U16;0,1;V;;;R
1431;IVCurve_Current113;U16;0,01;A;;;R
1432;IVCurve_Voltage114;U16;0,1;V;;;R
1433;IVCurve_Current114;U16;0,01;A;;;R
1434;IVCurve_Voltage115;U16;0,1;V;;;R
1435;IVCurve_Current115;U16;0,01;A;;;R
1436;IVCurve_Voltage116;U16;0,1;V;;;R
1437;IVCurve_Current116;U16;0,01;A;;;R
1438;IVCurve_Voltage117;U16;0,1;V;;;R
1439;IVCurve_Current117;U16;0,01;A;;;R
143A;IVCurve_Voltage118;U16;0,1;V;;;R
143B;IVCurve_Current118;U16;0,01;A;;;R
143C;IVCurve_Voltage119;U16;0,1;V;;;R
143D;IVCurve_Current119;U16;0,01;A;;;R
143E;IVCurve_Voltage120;U16;0,1;V;;;R
143F;IVCurve_Current120;U16;0,01;A;;;R
1440;AddressMask_Config_ReadOnly_Result6;U64;;;;;R
1441;;;;;;;
1442;;;;;;;
1443;;;;;;;
1444;IVCurve_Voltage121;U16;0,1;V;;;R
1445;IVCurve_Current121;U16;0,01;A;;;R
1446;IVCurve_Voltage122;U16;0,1;V;;;R
1447;IVCurve_Current122;U16;0,01;A;;;R
1448;IVCurve_Voltage123;U16;0,1;V;;;R
1449;IVCurve_Current123;U16;0,01;A;;;R
144A;IVCurve_Voltage124;U16;0,1;V;;;R
144B;IVCurve_Current124;U16;0,01;A;;;R
144C;IVCurve_Voltage125;U16;0,1;V;;;R
144D;IVCurve_Current125;U16;0,01;A;;;R
144E;IVCurve_Voltage126;U16;0,1;V;;;R
144F;IVCurve_Current126;U16;0,01;A;;;R
1450;IVCurve_Voltage127;U16;0,1;V;;;R
1451;IVCurve_Current127;U16;0,01;A;;;R
1452;IVCurve_Voltage128;U16;0,1;V;;;R
1453;IVCurve_Current128;U16;0,01;A;;;R
1454;IVCurve_Voltage129;U16;0,1;V;;;R
1455;IVCurve_Current129;U16;0,01;A;;;R
1456;IVCurve_Voltage130;U16;0,1;V;;;R
1457;IVCurve_Current130;U16;0,01;A;;;R
1458;IVCurve_Voltage131;U16;0,1;V;;;R
1459;IVCurve_Current131;U16;0,01;A;;;R
145A;IVCurve_Voltage132;U16;0,1;V;;;R
145B;IVCurve_Current132;U16;0,01;A;;;R
145C;IVCurve_Voltage133;U16;0,1;V;;;R
145D;IVCurve_Current133;U16;0,01;A;;;R
145E;IVCurve_Voltage134;U16;0,1;V;;;R
145F;IVCurve_Current134;U16;0,01;A;;;R
1460;IVCurve_Voltage135;U16;0,1;V;;;R
1461;IVCurve_Current135;U16;0,01;A;;;R
1462;IVCurve_Voltage136;U16;0,1;V;;;R
1463;IVCurve_Current136;U16;0,01;A;;;R
1464;IVCurve_Voltage137;U16;0,1;V;;;R
1465;IVCurve_Current137;U16;0,01;A;;;R
1466;IVCurve_Voltage138;U16;0,1;V;;;R
1467;IVCurve_Current138;U16;0,01;A;;;R
1468;IVCurve_Voltage139;U16;0,1;V;;;R
1469;IVCurve_Current139;U16;0,01;A;;;R
146A;IVCurve_Voltage140;U16;0,1;V;;;R
146B;IVCurve_Current140;U16;0,01;A;;;R
146C;IVCurve_Voltage141;U16;0,1;V;;;R
146D;IVCurve_Current141;U16;0,01;A;;;R
146E;IVCurve_Voltage142;U16;0,1;V;;;R
146F;IVCurve_Current142;U16;0,01;A;;;R
1470;IVCurve_Voltage143;U16;0,1;V;;;R
1471;IVCurve_Current143;U16;0,01;A;;;R
1472;IVCurve_Voltage144;U16;0,1;V;;;R
1473;IVCurve_Current144;U16;0,01;A;;;R
1474;IVCurve_Voltage145;U16;0,1;V;;;R
1475;IVCurve_Current145;U16;0,01;A;;;R
1476;IVCurve_Voltage146;U16;0,1;V;;;R
1477;IVCurve_Current146;U16;0,01;A;;;R
1478;IVCurve_Voltage147;U16;0,1;V;;;R
1479;IVCurve_Current147;U16;0,01;A;;;R
147A;IVCurve_Voltage148;U16;0,1;V;;;R
147B;IVCurve_Current148;U16;0,01;A;;;R
147C;IVCurve_Voltage149;U16;0,1;V;;;R
147D;IVCurve_Current149;U16;0,01;A;;;R
147E;IVCurve_Voltage150;U16;0,1;V;;;R
147F;IVCurve_Current150;U16;0,01;A;;;R
1480;HistoryEventList_ID1;U16;;;;;R
1481;HistoryEventList_yM1;U16;;;;;R
1482;HistoryEventList_dH1;U16;;;;;R
1483;HistoryEventList_ms1;U16;;;;;R
1484;HistoryEventList_ID2;U16;;;;;R
1485;HistoryEventList_yM2;U16;;;;;R
1486;HistoryEventList_dH2;U16;;;;;R
1487;HistoryEventList_ms2;U16;;;;;R
1488;HistoryEventList_ID3;U16;;;;;R
1489;HistoryEventList_yM3;U16;;;;;R
148A;HistoryEventList_dH3;U16;;;;;R
148B;HistoryEventList_ms3;U16;;;;;R
148C;HistoryEventList_ID4;U16;;;;;R
148D;HistoryEventList_yM4;U16;;;;;R
148E;HistoryEventList_dH4;U16;;;;;R
148F;HistoryEventList_ms4;U16;;;;;R
1490;HistoryEventList_ID5;U16;;;;;R
1491;HistoryEventList_yM5;U16;;;;;R
1492;HistoryEventList_dH5;U16;;;;;R
1493;HistoryEventList_ms5;U16;;;;;R
1494;HistoryEventList_ID6;U16;;;;;R
1495;HistoryEventList_yM6;U16;;;;;R
1496;HistoryEventList_dH6;U16;;;;;R
1497;HistoryEventList_ms6;U16;;;;;R
1498;HistoryEventList_ID7;U16;;;;;R
1499;HistoryEventList_yM7;U16;;;;;R
149A;HistoryEventList_dH7;U16;;;;;R
149B;HistoryEventList_ms7;U16;;;;;R
149C;HistoryEventList_ID8;U16;;;;;R
149D;HistoryEventList_yM8;U16;;;;;R
149E;HistoryEventList_dH8;U16;;;;;R
149F;HistoryEventList_ms8;U16;;;;;R
14A0;HistoryEventList_ID9;U16;;;;;R
14A1;HistoryEventList_yM9;U16;;;;;R
14A2;HistoryEventList_dH9;U16;;;;;R
14A3;HistoryEventList_ms9;U16;;;;;R
14A4;HistoryEventList_ID10;U16;;;;;R
14A5;HistoryEventList_yM10;U16;;;;;R
14A6;HistoryEventList_dH10;U16;;;;;R
14A7;HistoryEventList_ms10;U16;;;;;R
14A8;HistoryEventList_ID11;U16;;;;;R
14A9;HistoryEventList_yM11;U16;;;;;R
14AA;HistoryEventList_dH11;U16;;;;;R
14AB;HistoryEventList_ms11;U16;;;;;R
14AC;HistoryEventList_ID12;U16;;;;;R
14AD;HistoryEventList_yM12;U16;;;;;R
14AE;HistoryEventList_dH12;U16;;;;;R
14AF;HistoryEventList_ms12;U16;;;;;R
14B0;HistoryEventList_ID13;U16;;;;;R
14B1;HistoryEventList_yM13;U16;;;;;R
14B2;HistoryEventList_dH13;U16;;;;;R
14B3;HistoryEventList_ms13;U16;;;;;R
14B4;HistoryEventList_ID14;U16;;;;;R
14B5;HistoryEventList_yM14;U16;;;;;R
14B6;HistoryEventList_dH14;U16;;;;;R
14B7;HistoryEventList_ms14;U16;;;;;R
14B8;HistoryEventList_ID15;U16;;;;;R
14B9;HistoryEventList_yM15;U16;;;;;R
14BA;HistoryEventList_dH15;U16;;;;;R
14BB;HistoryEventList_ms15;U16;;;;;R
14BC;HistoryEventList_ID16;U16;;;;;R
14BD;HistoryEventList_yM16;U16;;;;;R
14BE;HistoryEventList_dH16;U16;;;;;R
14BF;HistoryEventList_ms16;U16;;;;;R
14C0;HistoryEventList_ID17;U16;;;;;R
14C1;HistoryEventList_yM17;U16;;;;;R
14C2;HistoryEventList_dH17;U16;;;;;R
14C3;HistoryEventList_ms17;U16;;;;;R
14C4;HistoryEventList_ID18;U16;;;;;R
14C5;HistoryEventList_yM18;U16;;;;;R
14C6;HistoryEventList_dH18;U16;;;;;R
14C7;HistoryEventList_ms18;U16;;;;;R
14C8;HistoryEventList_ID19;U16;;;;;R
14C9;HistoryEventList_yM19;U16;;;;;R
14CA;HistoryEventList_dH19;U16;;;;;R
14CB;HistoryEventList_ms19;U16;;;;;R
14CC;HistoryEventList_ID20;U16;;;;;R
14CD;HistoryEventList_yM20;U16;;;;;R
14CE;HistoryEventList_dH20;U16;;;;;R
14CF;HistoryEventList_ms20;U16;;;;;R
14D0;HistoryEventList_ID21;U16;;;;;R
14D1;HistoryEventList_yM21;U16;;;;;R
14D2;HistoryEventList_dH21;U16;;;;;R
14D3;HistoryEventList_ms21;U16;;;;;R
14D4;HistoryEventList_ID22;U16;;;;;R
14D5;HistoryEventList_yM22;U16;;;;;R
14D6;HistoryEventList_dH22;U16;;;;;R
14D7;HistoryEventList_ms22;U16;;;;;R
14D8;HistoryEventList_ID23;U16;;;;;R
14D9;HistoryEventList_yM23;U16;;;;;R
14DA;HistoryEventList_dH23;U16;;;;;R
14DB;HistoryEventList_ms23;U16;;;;;R
14DC;HistoryEventList_ID24;U16;;;;;R
14DD;HistoryEventList_yM24;U16;;;;;R
14DE;HistoryEventList_dH24;U16;;;;;R
14DF;HistoryEventList_ms24;U16;;;;;R
14E0;HistoryEventList_ID25;U16;;;;;R
14E1;HistoryEventList_yM25;U16;;;;;R
14E2;HistoryEventList_dH25;U16;;;;;R
14E3;HistoryEventList_ms25;U16;;;;;R
14E4;HistoryEventList_ID26;U16;;;;;R
14E5;HistoryEventList_yM26;U16;;;;;R
14E6;HistoryEventList_dH26;U16;;;;;R
14E7;HistoryEventList_ms26;U16;;;;;R
14E8;HistoryEventList_ID27;U16;;;;;R
14E9;HistoryEventList_yM27;U16;;;;;R
14EA;HistoryEventList_dH27;U16;;;;;R
14EB;HistoryEventList_ms27;U16;;;;;R
14EC;HistoryEventList_ID28;U16;;;;;R
14ED;HistoryEventList_yM28;U16;;;;;R
14EE;HistoryEventList_dH28;U16;;;;;R
14EF;HistoryEventList_ms28;U16;;;;;R
14F0;HistoryEventList_ID29;U16;;;;;R
14F1;HistoryEventList_yM29;U16;;;;;R
14F2;HistoryEventList_dH29;U16;;;;;R
14F3;HistoryEventList_ms29;U16;;;;;R
14F4;HistoryEventList_ID30;U16;;;;;R
14F5;HistoryEventList_yM30;U16;;;;;R
14F6;HistoryEventList_dH30;U16;;;;;R
14F7;HistoryEventList_ms30;U16;;;;;R
14F8;HistoryEventList_ID31;U16;;;;;R
14F9;HistoryEventList_yM31;U16;;;;;R
14FA;HistoryEventList_dH31;U16;;;;;R
14FB;HistoryEventList_ms31;U16;;;;;R
14FC;HistoryEventList_ID32;U16;;;;;R
14FD;HistoryEventList_yM32;U16;;;;;R
14FE;HistoryEventList_dH32;U16;;;;;R
14FF;HistoryEventList_ms32;U16;;;;;R
1500;HistoryEventList_ID33;U16;;;;;R
1501;HistoryEventList_yM33;U16;;;;;R
1502;HistoryEventList_dH33;U16;;;;;R
1503;HistoryEventList_ms33;U16;;;;;R
1504;HistoryEventList_ID34;U16;;;;;R
1505;HistoryEventList_yM34;U16;;;;;R
1506;HistoryEventList_dH34;U16;;;;;R
1507;HistoryEventList_ms34;U16;;;;;R
1508;HistoryEventList_ID35;U16;;;;;R
1509;HistoryEventList_yM35;U16;;;;;R
150A;HistoryEventList_dH35;U16;;;;;R
150B;HistoryEventList_ms35;U16;;;;;R
150C;HistoryEventList_ID36;U16;;;;;R
150D;HistoryEventList_yM36;U16;;;;;R
150E;HistoryEventList_dH36;U16;;;;;R
150F;HistoryEventList_ms36;U16;;;;;R
1510;HistoryEventList_ID37;U16;;;;;R
1511;HistoryEventList_yM37;U16;;;;;R
1512;HistoryEventList_dH37;U16;;;;;R
1513;HistoryEventList_ms37;U16;;;;;R
1514;HistoryEventList_ID38;U16;;;;;R
1515;HistoryEventList_yM38;U16;;;;;R
1516;HistoryEventList_dH38;U16;;;;;R
1517;HistoryEventList_ms38;U16;;;;;R
1518;HistoryEventList_ID39;U16;;;;;R
1519;HistoryEventList_yM39;U16;;;;;R
151A;HistoryEventList_dH39;U16;;;;;R
151B;HistoryEventList_ms39;U16;;;;;R
151C;HistoryEventList_ID40;U16;;;;;R
151D;HistoryEventList_yM40;U16;;;;;R
151E;HistoryEventList_dH40;U16;;;;;R
151F;HistoryEventList_ms40;U16;;;;;R
1520;HistoryEventList_ID41;U16;;;;;R
1521;HistoryEventList_yM41;U16;;;;;R
1522;HistoryEventList_dH41;U16;;;;;R
1523;HistoryEventList_ms41;U16;;;;;R
1524;HistoryEventList_ID42;U16;;;;;R
1525;HistoryEventList_yM42;U16;;;;;R
1526;HistoryEventList_dH42;U16;;;;;R
1527;HistoryEventList_ms42;U16;;;;;R
1528;HistoryEventList_ID43;U16;;;;;R
1529;HistoryEventList_yM43;U16;;;;;R
152A;HistoryEventList_dH43;U16;;;;;R
152B;HistoryEventList_ms43;U16;;;;;R
152C;HistoryEventList_ID44;U16;;;;;R
152D;HistoryEventList_yM44;U16;;;;;R
152E;HistoryEventList_dH44;U16;;;;;R
152F;HistoryEventList_ms44;U16;;;;;R
1530;HistoryEventList_ID45;U16;;;;;R
1531;HistoryEventList_yM45;U16;;;;;R
1532;HistoryEventList_dH45;U16;;;;;R
1533;HistoryEventList_ms45;U16;;;;;R
1534;HistoryEventList_ID46;U16;;;;;R
1535;HistoryEventList_yM46;U16;;;;;R
1536;HistoryEventList_dH46;U16;;;;;R
1537;HistoryEventList_ms46;U16;;;;;R
1538;HistoryEventList_ID47;U16;;;;;R
1539;HistoryEventList_yM47;U16;;;;;R
153A;HistoryEventList_dH47;U16;;;;;R
153B;HistoryEventList_ms47;U16;;;;;R
153C;HistoryEventList_ID48;U16;;;;;R
153D;HistoryEventList_yM48;U16;;;;;R
153E;HistoryEventList_dH48;U16;;;;;R
153F;HistoryEventList_ms48;U16;;;;;R
1540;HistoryEventList_ID49;U16;;;;;R
1541;HistoryEventList_yM49;U16;;;;;R
1542;HistoryEventList_dH49;U16;;;;;R
1543;HistoryEventList_ms49;U16;;;;;R
1544;HistoryEventList_ID50;U16;;;;;R
1545;HistoryEventList_yM50;U16;;;;;R
1546;HistoryEventList_dH50;U16;;;;;R
1547;HistoryEventList_ms50;U16;;;;;R
1548;HistoryEventList_ID51;U16;;;;;R
1549;HistoryEventList_yM51;U16;;;;;R
154A;HistoryEventList_dH51;U16;;;;;R
154B;HistoryEventList_ms51;U16;;;;;R
154C;HistoryEventList_ID52;U16;;;;;R
154D;HistoryEventList_yM52;U16;;;;;R
154E;HistoryEventList_dH52;U16;;;;;R
154F;HistoryEventList_ms52;U16;;;;;R
1550;HistoryEventList_ID53;U16;;;;;R
1551;HistoryEventList_yM53;U16;;;;;R
1552;HistoryEventList_dH53;U16;;;;;R
1553;HistoryEventList_ms53;U16;;;;;R
1554;HistoryEventList_ID54;U16;;;;;R
1555;HistoryEventList_yM54;U16;;;;;R
1556;HistoryEventList_dH54;U16;;;;;R
1557;HistoryEventList_ms54;U16;;;;;R
1558;HistoryEventList_ID55;U16;;;;;R
1559;HistoryEventList_yM55;U16;;;;;R
155A;HistoryEventList_dH55;U16;;;;;R
155B;HistoryEventList_ms55;U16;;;;;R
155C;HistoryEventList_ID56;U16;;;;;R
155D;HistoryEventList_yM56;U16;;;;;R
155E;HistoryEventList_dH56;U16;;;;;R
155F;HistoryEventList_ms56;U16;;;;;R
1560;HistoryEventList_ID57;U16;;;;;R
1561;HistoryEventList_yM57;U16;;;;;R
1562;HistoryEventList_dH57;U16;;;;;R
1563;HistoryEventList_ms57;U16;;;;;R
1564;HistoryEventList_ID58;U16;;;;;R
1565;HistoryEventList_yM58;U16;;;;;R
1566;HistoryEventList_dH58;U16;;;;;R
1567;HistoryEventList_ms58;U16;;;;;R
1568;HistoryEventList_ID59;U16;;;;;R
1569;HistoryEventList_yM59;U16;;;;;R
156A;HistoryEventList_dH59;U16;;;;;R
156B;HistoryEventList_ms59;U16;;;;;R
156C;HistoryEventList_ID60;U16;;;;;R
156D;HistoryEventList_yM60;U16;;;;;R
156E;HistoryEventList_dH60;U16;;;;;R
156F;HistoryEventList_ms60;U16;;;;;R
1570;HistoryEventList_ID61;U16;;;;;R
1571;HistoryEventList_yM61;U16;;;;;R
1572;HistoryEventList_dH61;U16;;;;;R
1573;HistoryEventList_ms61;U16;;;;;R
1574;HistoryEventList_ID62;U16;;;;;R
1575;HistoryEventList_yM62;U16;;;;;R
1576;HistoryEventList_dH62;U16;;;;;R
1577;HistoryEventList_ms62;U16;;;;;R
1578;HistoryEventList_ID63;U16;;;;;R
1579;HistoryEventList_yM63;U16;;;;;R
157A;HistoryEventList_dH63;U16;;;;;R
157B;HistoryEventList_ms63;U16;;;;;R
157C;HistoryEventList_ID64;U16;;;;;R
157D;HistoryEventList_yM64;U16;;;;;R
157E;HistoryEventList_dH64;U16;;;;;R
157F;HistoryEventList_ms64;U16;;;;;R
1580;HistoryEventList_ID65;U16;;;;;R
1581;HistoryEventList_yM65;U16;;;;;R
1582;HistoryEventList_dH65;U16;;;;;R
1583;HistoryEventList_ms65;U16;;;;;R
1584;HistoryEventList_ID66;U16;;;;;R
1585;HistoryEventList_yM66;U16;;;;;R
1586;HistoryEventList_dH66;U16;;;;;R
1587;HistoryEventList_ms66;U16;;;;;R
1588;HistoryEventList_ID67;U16;;;;;R
1589;HistoryEventList_yM67;U16;;;;;R
158A;HistoryEventList_dH67;U16;;;;;R
158B;HistoryEventList_ms67;U16;;;;;R
158C;HistoryEventList_ID68;U16;;;;;R
158D;HistoryEventList_yM68;U16;;;;;R
158E;HistoryEventList_dH68;U16;;;;;R
158F;HistoryEventList_ms68;U16;;;;;R
1590;HistoryEventList_ID69;U16;;;;;R
1591;HistoryEventList_yM69;U16;;;;;R
1592;HistoryEventList_dH69;U16;;;;;R
1593;HistoryEventList_ms69;U16;;;;;R
1594;HistoryEventList_ID70;U16;;;;;R
1595;HistoryEventList_yM70;U16;;;;;R
1596;HistoryEventList_dH70;U16;;;;;R
1597;HistoryEventList_ms70;U16;;;;;R
1598;HistoryEventList_ID71;U16;;;;;R
1599;HistoryEventList_yM71;U16;;;;;R
159A;HistoryEventList_dH71;U16;;;;;R
159B;HistoryEventList_ms71;U16;;;;;R
159C;HistoryEventList_ID72;U16;;;;;R
159D;HistoryEventList_yM72;U16;;;;;R
159E;HistoryEventList_dH72;U16;;;;;R
159F;HistoryEventList_ms72;U16;;;;;R
15A0;HistoryEventList_ID73;U16;;;;;R
15A1;HistoryEventList_yM73;U16;;;;;R
15A2;HistoryEventList_dH73;U16;;;;;R
15A3;HistoryEventList_ms73;U16;;;;;R
15A4;HistoryEventList_ID74;U16;;;;;R
15A5;HistoryEventList_yM74;U16;;;;;R
15A6;HistoryEventList_dH74;U16;;;;;R
15A7;HistoryEventList_ms74;U16;;;;;R
15A8;HistoryEventList_ID75;U16;;;;;R
15A9;HistoryEventList_yM75;U16;;;;;R
15AA;HistoryEventList_dH75;U16;;;;;R
15AB;HistoryEventList_ms75;U16;;;;;R
15AC;HistoryEventList_ID76;U16;;;;;R
15AD;HistoryEventList_yM76;U16;;;;;R
15AE;HistoryEventList_dH76;U16;;;;;R
15AF;HistoryEventList_ms76;U16;;;;;R
15B0;HistoryEventList_ID77;U16;;;;;R
15B1;HistoryEventList_yM77;U16;;;;;R
15B2;HistoryEventList_dH77;U16;;;;;R
15B3;HistoryEventList_ms77;U16;;;;;R
15B4;HistoryEventList_ID78;U16;;;;;R
15B5;HistoryEventList_yM78;U16;;;;;R
15B6;HistoryEventList_dH78;U16;;;;;R
15B7;HistoryEventList_ms78;U16;;;;;R
15B8;HistoryEventList_ID79;U16;;;;;R
15B9;HistoryEventList_yM79;U16;;;;;R
15BA;HistoryEventList_dH79;U16;;;;;R
15BB;HistoryEventList_ms79;U16;;;;;R
15BC;HistoryEventList_ID80;U16;;;;;R
15BD;HistoryEventList_yM80;U16;;;;;R
15BE;HistoryEventList_dH80;U16;;;;;R
15BF;HistoryEventList_ms80;U16;;;;;R
15C0;HistoryEventList_ID81;U16;;;;;R
15C1;HistoryEventList_yM81;U16;;;;;R
15C2;HistoryEventList_dH81;U16;;;;;R
15C3;HistoryEventList_ms81;U16;;;;;R
15C4;HistoryEventList_ID82;U16;;;;;R
15C5;HistoryEventList_yM82;U16;;;;;R
15C6;HistoryEventList_dH82;U16;;;;;R
15C7;HistoryEventList_ms82;U16;;;;;R
15C8;HistoryEventList_ID83;U16;;;;;R
15C9;HistoryEventList_yM83;U16;;;;;R
15CA;HistoryEventList_dH83;U16;;;;;R
15CB;HistoryEventList_ms83;U16;;;;;R
15CC;HistoryEventList_ID84;U16;;;;;R
15CD;HistoryEventList_yM84;U16;;;;;R
15CE;HistoryEventList_dH84;U16;;;;;R
15CF;HistoryEventList_ms84;U16;;;;;R
15D0;HistoryEventList_ID85;U16;;;;;R
15D1;HistoryEventList_yM85;U16;;;;;R
15D2;HistoryEventList_dH85;U16;;;;;R
15D3;HistoryEventList_ms85;U16;;;;;R
15D4;HistoryEventList_ID86;U16;;;;;R
15D5;HistoryEventList_yM86;U16;;;;;R
15D6;HistoryEventList_dH86;U16;;;;;R
15D7;HistoryEventList_ms86;U16;;;;;R
15D8;HistoryEventList_ID87;U16;;;;;R
15D9;HistoryEventList_yM87;U16;;;;;R
15DA;HistoryEventList_dH87;U16;;;;;R
15DB;HistoryEventList_ms87;U16;;;;;R
15DC;HistoryEventList_ID88;U16;;;;;R
15DD;HistoryEventList_yM88;U16;;;;;R
15DE;HistoryEventList_dH88;U16;;;;;R
15DF;HistoryEventList_ms88;U16;;;;;R
15E0;HistoryEventList_ID89;U16;;;;;R
15E1;HistoryEventList_yM89;U16;;;;;R
15E2;HistoryEventList_dH89;U16;;;;;R
15E3;HistoryEventList_ms89;U16;;;;;R
15E4;HistoryEventList_ID90;U16;;;;;R
15E5;HistoryEventList_yM90;U16;;;;;R
15E6;HistoryEventList_dH90;U16;;;;;R
15E7;HistoryEventList_ms90;U16;;;;;R
15E8;HistoryEventList_ID91;U16;;;;;R
15E9;HistoryEventList_yM91;U16;;;;;R
15EA;HistoryEventList_dH91;U16;;;;;R
15EB;HistoryEventList_ms91;U16;;;;;R
15EC;HistoryEventList_ID92;U16;;;;;R
15ED;HistoryEventList_yM92;U16;;;;;R
15EE;HistoryEventList_dH92;U16;;;;;R
15EF;HistoryEventList_ms92;U16;;;;;R
15F0;HistoryEventList_ID93;U16;;;;;R
15F1;HistoryEventList_yM93;U16;;;;;R
15F2;HistoryEventList_dH93;U16;;;;;R
15F3;HistoryEventList_ms93;U16;;;;;R
15F4;HistoryEventList_ID94;U16;;;;;R
15F5;HistoryEventList_yM94;U16;;;;;R
15F6;HistoryEventList_dH94;U16;;;;;R
15F7;HistoryEventList_ms94;U16;;;;;R
15F8;HistoryEventList_ID95;U16;;;;;R
15F9;HistoryEventList_yM95;U16;;;;;R
15FA;HistoryEventList_dH95;U16;;;;;R
15FB;HistoryEventList_ms95;U16;;;;;R
15FC;HistoryEventList_ID96;U16;;;;;R
15FD;HistoryEventList_yM96;U16;;;;;R
15FE;HistoryEventList_dH96;U16;;;;;R
15FF;HistoryEventList_ms96;U16;;;;;R
1600;HistoryEventList_ID97;U16;;;;;R
1601;HistoryEventList_yM97;U16;;;;;R
1602;HistoryEventList_dH97;U16;;;;;R
1603;HistoryEventList_ms97;U16;;;;;R
1604;HistoryEventList_ID98;U16;;;;;R
1605;HistoryEventList_yM98;U16;;;;;R
1606;HistoryEventList_dH98;U16;;;;;R
1607;HistoryEventList_ms98;U16;;;;;R
1608;HistoryEventList_ID99;U16;;;;;R
1609;HistoryEventList_yM99;U16;;;;;R
160A;HistoryEventList_dH99;U16;;;;;R
160B;HistoryEventList_ms99;U16;;;;;R
160C;HistoryEventList_ID100;U16;;;;;R
160D;HistoryEventList_yM100;U16;;;;;R
160E;HistoryEventList_dH100;U16;;;;;R
160F;HistoryEventList_ms100;U16;;;;;R
1610;EnergyStatistics1;U32;0,01;kWh;;;R
1611;;;;;;;
1612;EnergyStatistics2;U32;0,01;kWh;;;R
1613;;;;;;;
1614;EnergyStatistics3;U32;0,01;kWh;;;R
1615;;;;;;;
1616;EnergyStatistics4;U32;0,01;kWh;;;R
1617;;;;;;;
1618;EnergyStatistics5;U32;0,01;kWh;;;R
1619;;;;;;;
161A;EnergyStatistics6;U32;0,01;kWh;;;R
161B;;;;;;;
161C;EnergyStatistics7;U32;0,01;kWh;;;R
161D;;;;;;;
161E;EnergyStatistics8;U32;0,01;kWh;;;R
161F;;;;;;;
1620;EnergyStatistics9;U32;0,01;kWh;;;R
1621;;;;;;;
1622;EnergyStatistics10;U32;0,01;kWh;;;R
1623;;;;;;;
1624;EnergyStatistics11;U32;0,01;kWh;;;R
1625;;;;;;;
1626;EnergyStatistics12;U32;0,01;kWh;;;R
1627;;;;;;;
1628;EnergyStatistics13;U32;0,01;kWh;;;R
1629;;;;;;;
162A;EnergyStatistics14;U32;0,01;kWh;;;R
162B;;;;;;;
162C;EnergyStatistics15;U32;0,01;kWh;;;R
162D;;;;;;;
162E;EnergyStatistics16;U32;0,01;kWh;;;R
162F;;;;;;;
1630;EnergyStatistics17;U32;0,01;kWh;;;R
1631;;;;;;;
1632;EnergyStatistics18;U32;0,01;kWh;;;R
1633;;;;;;;
1634;EnergyStatistics19;U32;0,01;kWh;;;R
1635;;;;;;;
1636;EnergyStatistics20;U32;0,01;kWh;;;R
1637;;;;;;;
1638;EnergyStatistics21;U32;0,01;kWh;;;R
1639;;;;;;;
163A;EnergyStatistics22;U32;0,01;kWh;;;R
163B;;;;;;;
163C;EnergyStatistics23;U32;0,01;kWh;;;R
163D;;;;;;;
163E;EnergyStatistics24;U32;0,01;kWh;;;R
163F;;;;;;;
1640;EnergyStatistics25;U32;0,01;kWh;;;R
1641;;;;;;;
1642;EnergyStatistics26;U32;0,01;kWh;;;R
1643;;;;;;;
1644;EnergyStatistics27;U32;0,01;kWh;;;R
1645;;;;;;;
1646;EnergyStatistics28;U32;0,01;kWh;;;R
1647;;;;;;;
1648;EnergyStatistics29;U32;0,01;kWh;;;R
1649;;;;;;;
164A;EnergyStatistics30;U32;0,01;kWh;;;R
164B;;;;;;;
164C;EnergyStatistics31;U32;0,01;kWh;;;R
164D;;;;;;;
164E;EnergyStatistics32;U32;0,01;kWh;;;R
164F;;;;;;;
1650;EnergyStatistics33;U32;0,01;kWh;;;R
1651;;;;;;;
1652;EnergyStatistics34;U32;0,01;kWh;;;R
1653;;;;;;;
1654;EnergyStatistics35;U32;0,01;kWh;;;R
1655;;;;;;;
1656;EnergyStatistics36;U32;0,01;kWh;;;R
1657;;;;;;;
1658;EnergyStatistics37;U32;0,01;kWh;;;R
1659;;;;;;;
165A;EnergyStatistics38;U32;0,01;kWh;;;R
165B;;;;;;;
165C;EnergyStatistics39;U32;0,01;kWh;;;R
165D;;;;;;;
165E;EnergyStatistics40;U32;0,01;kWh;;;R
165F;;;;;;;
2000;AddressMask_Config_Core1;U64;;;;;R
2001;;;;;;;
2002;;;;;;;
2003;;;;;;;
2004;Country_Code;U16;;;;;RW
2005;Safety_Version;U16;;;;;RW
2006;Factory_Reset;U16;;;1;255;RW
2007;Safety_Name1;ASCII;;;;;RW
2008;Safety_Name2;ASCII;;;;;RW
2009;Safety_Name3;ASCII;;;;;RW
200A;Safety_Name4;ASCII;;;;;RW
200B;Safety_Name5;ASCII;;;;;RW
200D;Commu_protocol_type;U16;;;;;RW
200E;Country_Code_flash;U16;;;;;RW
200F;Safety_Version_flash;U16;;;;;RW
2034;Remote_Download_Control_ex;U16;;;;;W
2035;Remote_Upgrade_Control_ex;U16;;;;;W
2036;Local_Upgrade_Control_ex;U16;;;;;W
2037;Local_Upgrade_Control2;U16;;;;;W
2038;Local_Upgrade_Status2;U16;;;;;R
2039;Upgrade_Total;U16;;;;;R
203A;Upgrade_Result_Table1;U16;;;;;R
203B;Upgrade_Result_Table2;U16;;;;;R
203C;Remote_Download_Control;U16;;;;;W
203D;Remote_Upgrade_Control;U16;;;;;W
203E;Local_Upgrade_Control;U16;;;;;W
203F;Local_Upgrade_Status;U16;;;;;R
2040;Upgrade_Time;U16;;;;;RW
2041;Upgrade_Time;U16;;;;;RW
2042;Upgrade_Time;U16;;;;;RW
2043;Upgrade_Time;U16;;;;;RW
2044;Upgrade_Time;U16;;;;;RW
2045;Upgrade_Time;U16;;;;;RW
2046 ;Upgrade_Result;U16;;;;;R
2047 ;Upgrade_Result1;U16;;;;;R
2048 ;Upgrade_Result_target;U16;;;;;W
2100;AddressMask_Plc_Info;U64;;;;;R
2101;;;;;;;
2102;;;;;;;
2103;;;;;;;
2104;PLC_Type;U16;1;;;;R
2105;PLC_Soft_Ver1 -- 15;ASCII;1;;;;R
2106;PLC_Soft_Ver1 -- 15;ASCII;1;;;;R
2107;PLC_Soft_Ver1 -- 15;ASCII;1;;;;R
2108;PLC_Soft_Ver1 -- 15;ASCII;1;;;;R
2109;PLC_Soft_Ver1 -- 15;ASCII;1;;;;R
210A;PLC_Soft_Ver1 -- 15;ASCII;1;;;;R
210B;PLC_Soft_Ver1 -- 15;ASCII;1;;;;R
210C;PLC_Soft_Ver1 -- 15;ASCII;1;;;;R
210D;PLC_Soft_Ver1 -- 15;ASCII;1;;;;R
210E;PLC_Soft_Ver1 -- 15;ASCII;1;;;;R
210F;PLC_Soft_Ver1 -- 15;ASCII;1;;;;R
2110;PLC_Soft_Ver1 -- 15;ASCII;1;;;;R
2111;PLC_Soft_Ver1 -- 15;ASCII;1;;;;R
2112;PLC_Soft_Ver1 -- 15;ASCII;1;;;;R
2113;PLC_Soft_Ver1 -- 15;ASCII;1;;;;R
2114;PLC_Sta_Net_State;U16;1;;;;R
2115;PLC_Cco_Mac;U16;1;;;;R
2116;;U16;1;;;;R
2117;;U16;1;;;;R
2118;PLC_Com_Property;U16;1;;;;RW
2119;PLC_Mac_Addr;U16;1;;;;RW
211A;;U16;1;;;;RW
211B;;U16;1;;;;RW
211C;PLC_BandChnl;U16;1;;;;R(W)
211D;PLC_TxPower;U16;1;;;;RW
211E;PLC_Whitelist_ExeType;U16;1;;;;RW
211F;PLC_WhitelistCount;U16;1;;;;RW
2120;PLC_Whitelist_StartAndCount;U16;1;;;;RW
2121;PLC_Whitelist0;U16;1;;;;RW
2122;;U16;1;;;;RW
2123;;U16;1;;;;RW
2124;PLC_Whitelist1;U16;1;;;;RW
2125;;U16;1;;;;RW
2126;;U16;1;;;;RW
2127;PLC_Whitelist2;U16;1;;;;RW
2128;;U16;1;;;;RW
2129;;U16;1;;;;RW
212A;PLC_Whitelist3;U16;1;;;;RW
212B;;U16;1;;;;RW
212C;;U16;1;;;;RW
212D;PLC_Whitelist4;U16;1;;;;RW
212E;;U16;1;;;;RW
212F;;U16;1;;;;RW
2130 ;PLC_Reset;U16;1;;;;W
4E20;VersionType;U16;;;0;1;RW
5000;addressmask_dcdc_sysinfo;U64;;;;;R
5001;;;;;;;
5002;;;;;;;
5003;;;;;;;
5004;dcdc_arm_to_inv_485_ver;U16;;;;;R
5005;dcdc_dsp_to_inv_can_ver;U16;;;;;R
5006;dcdc_arm_to_dsp_232_ver;U16;;;;;R
5007;dcdc_dsp_to_arm_232_ver;U16;;;;;R
5008;dcdc_arm_to_bms_can_ver;U16;;;;;R
5009;dcdc_dsp_to_bms_can_ver;U16;;;;;R
500A;dcdc_module_485_ver;U16;;;;;R
6000;AddressMask_PCU1;U64;;;;;R
6001;AddressMask_PCU1;U64;;;;;R
6002;AddressMask_PCU1;U64;;;;;R
6003;AddressMask_PCU1;U64;;;;;R
6004;PCU_Number;;;;;;R
6005;;;;;;;R
6006;;;;;;;R
6007;;;;;;;R
6008;;;;;;;R
6009;;;;;;;R
600A;;;;;;;R
600B;;;;;;;R
600C;;;;;;;R
600D;;;;;;;R
600E;;;;;;;R
600F;;;;;;;R
6010;PCU_ID;U16;;;;;R
6011;PCU_SN0 -- 9;ASCII;;;;;R
6012;PCU_SN0 -- 9;ASCII;;;;;R
6013;PCU_SN0 -- 9;ASCII;;;;;R
6014;PCU_SN0 -- 9;ASCII;;;;;R
6015;PCU_SN0 -- 9;ASCII;;;;;R
6016;PCU_SN0 -- 9;ASCII;;;;;R
6017;PCU_SN0 -- 9;ASCII;;;;;R
6018;PCU_SN0 -- 9;ASCII;;;;;R
6019;PCU_SN0 -- 9;ASCII;;;;;R
601A;PCU_SN0 -- 9;ASCII;;;;;R
601B;PCU_Software_Version1 -- 2;ASCII;;;;;R
601B;PCU_Software_Version1 -- 2;ASCII;;;;;R
601D;PCU_Hardware_Version;U16;;;;;R
601E;PCU_Can1_Version;U16;;;;;R
601F;PCU_Can2_Version;U16;;;;;R
6020;PCU_Work_State;U16;;;;;R
6021;PCU_Internal_Temperature;U16;1;?;;;R
6022;PCU_Radiator_Temperature1;I16;1;?;;;R
6023;PCU_Radiator_Temperature2;I16;1;?;;;R
6024;PCU_Warning1 -- 4;U16;;;;;R
6025;PCU_Warning1 -- 4;U16;;;;;R
6026;PCU_Warning1 -- 4;U16;;;;;R
6027;PCU_Warning1 -- 4;U16;;;;;R
6028;PCU_Fault1 -- 4;U16;;;;;R
6029;PCU_Fault1 -- 4;U16;;;;;R
602A;PCU_Fault1 -- 4;U16;;;;;R
602B;PCU_Fault1 -- 4;U16;;;;;R
602C;PCU_DC_High_Voltage;U16;0,1;V;0;;R
602D;PCU_DC_Low_Voltage;U16;0,1;V;0;;R
602E;PCU_Low_Current;I16;0,1;A;;;R
602F;PCU_Low_Power;I16;0,01;kW;;;R
6030;PCU_BusP;U16;0,1;V;;;R
6031;PCU_BusN;U16;0,1;V;;;R
6032;PCU_FC_Voltage1 -- 4;U16;0,1;V;;;R
6033;PCU_FC_Voltage1 -- 4;U16;0,1;V;;;R
6034;PCU_FC_Voltage1 -- 4;U16;0,1;V;;;R
6035;PCU_FC_Voltage1 -- 4;U16;0,1;V;;;R
6036;PCU_IL_Current1 -- 4;I16;0,1;A;;;R
6037;PCU_IL_Current1 -- 4;I16;0,1;A;;;R
6038;PCU_IL_Current1 -- 4;I16;0,1;A;;;R
6039;PCU_IL_Current1 -- 4;I16;0,1;A;;;R
6040;AddressMask_PCU2;U64;;;;;R
6041;AddressMask_PCU2;U64;;;;;R
6042;AddressMask_PCU2;U64;;;;;R
6043;AddressMask_PCU2;U64;;;;;R
6044;PCU_Inquire;U16;;;1;32;RW
6045;PCU_Remote_On_Off;U16;;;0;3;RW
6046;PCU_Max_Charge_Current;U16;0,1;A;0;65535;RW
6047;PCU_Max_Discharge_Current;U16;0,1;A;0;65535;RW
6048;K_Voltage_HVbus;U16;0,001;p.u.;950;1050;RW
6049;K_Voltage_Pbus;U16;0,001;p.u.;950;1050;RW
604A;K_Current_HV_Chg;U16;0,001;p.u.;950;1050;RW
604B;K_Current_HV_Dchg;U16;0,001;p.u.;950;1050;RW
604C;K_Voltage_LV;U16;0,001;p.u.;950;1050;RW
604D;K_Current_LV_Chg;U16;0,001;p.u.;950;1050;RW
604E;K_Current_LV_Dchg;U16;0,001;p.u.;950;1050;RW
6080;AddressMask_BDU1;U64;;;;;R
6081;AddressMask_BDU1;U64;;;;;R
6082;AddressMask_BDU1;U64;;;;;R
6083;AddressMask_BDU1;U64;;;;;R
6084;BDU_Number;U16;;;;;R
6090;BDU_ID;U16;;;;;R
6091;BDU_SN0 -- 9;ASCII;;;;;R
6092;BDU_SN0 -- 9;ASCII;;;;;R
6093;BDU_SN0 -- 9;ASCII;;;;;R
6094;BDU_SN0 -- 9;ASCII;;;;;R
6095;BDU_SN0 -- 9;ASCII;;;;;R
6096;BDU_SN0 -- 9;ASCII;;;;;R
6097;BDU_SN0 -- 9;ASCII;;;;;R
6098;BDU_SN0 -- 9;ASCII;;;;;R
6099;BDU_SN0 -- 9;ASCII;;;;;R
609A;BDU_SN0 -- 9;ASCII;;;;;R
609B;Software_Version_Stage_BDU;ASCII;;;;;R
609C;Software_Version_Major_BDU;ASCII;;;;;R
609D;Software_Version_Custom_BDU;ASCII;;;;;R
609E;Software_Version_Minor_BDU;ASCII;;;;;R
609F;BDU_Fault1;U16;;;;;R
60A0;BDU_Battery_Number;U16;;;;;R
60A1;TotalNum_PV;U16;1;;;;R
60A2;TotalNum_Battery;U16;1;;;;R
60A6;AddressMask_BDU2;U64;;;;;R
60A7;AddressMask_BDU2;U64;;;;;R
60A8;AddressMask_BDU2;U64;;;;;R
60A9;AddressMask_BDU2;U64;;;;;R
60AA;BDU_Inquire;U16;;;1;;RW
60AB;RatedPower_N_ID;U16;1;;255;;RW
60AC;RatedPower_N_PV;U16;1;;;;R
60AD;RatedPower_N_Battery;U16;1;;;;R
7000;Bis_707F_Text;ASCII;;;;;RW
9000;AddressMask_BMS1_System;U64;;;;;R
9001;;;;;;;
9002;;;;;;;
9003;;;;;;;
9004;BMS_Sys_Time;U32;;;;;R
9005;;;;;;;
9006;BMS_CAN_Version;U16;;;;;R
9007;BMS_Manufacture_Name0;U16;;;;;R
9008;BMS_Manufacture_Name1;U16;;;;;R
9009;BMS_Manufacture_Name2;U16;;;;;R
900A;BMS_Manufacture_Name3;U16;;;;;R
900B;BMS_Version;U16;;;;;R
900C;Cell_Type;U16;;;;;R
900D;BaPack_Number;U16;;;;;R
900E;Realtime_Capacity;U16;1;%;;;R
900F;Total_Voltage;U16;0,1;V;;;R
9010;Total_Current;U16;0,1;A;;;R
9011;Cell_Average_Temperature;U16;0,1;°C;;;R
9012;SOC;U16;1;%;;;R
9013;SOH;U16;1;%;;;R
9014;BMS_Sys_Protect0;U16;;;;;R
9015;BMS_Sys_Protect1;U16;;;;;R
9016;BMS_Sys_Alarm0;U16;;;;;R
9017;BMS_Sys_Alarm1;U16;;;;;R
9018;Sofar_BMS_Version;ASCII;;;;;R
9019;Sofar_BMS_Version;U16;;;;;R
901A;Sofar_BMS_Version;U16;;;;;R
901B;Sofar_BMS_Version;U16;;;;;R
9020;BMS_Inquire;U16;;;;;RW
9040;AddressMask_BMS2_Realtime;U64;;;;;R
9041;;;;;;;
9042;;;;;;;
9043;;;;;;;
9044;Pack_RT_ID;U16;;;;;R
9045;Pack_RT_Timestamp;U32;;;;;R
9046;;;;;;;
9047;Pack_RT_SN0;U16;;;;;R
9048;Pack_RT_SN1;U16;;;;;R
9049;Pack_RT_SN2;U16;;;;;R
904A;Pack_RT_SN3;U16;;;;;R
904B;Pack_RT_SN4;U16;;;;;R
904C;Pack_RT_SN5;U16;;;;;R
904D;Pack_RT_SN6;U16;;;;;R
904E;Pack_RT_SN7;U16;;;;;R
904F;Pack_RT_SN8;U16;;;;;R
9050;Pack_RT_SN9;U16;;;;;R
9051;Pack_RT_Cell_Voltage1;U16;0,001;V;;;R
9052;Pack_RT_Cell_Voltage2;U16;0,001;V;;;R
9053;Pack_RT_Cell_Voltage3;U16;0,001;V;;;R
9054;Pack_RT_Cell_Voltage4;U16;0,001;V;;;R
9055;Pack_RT_Cell_Voltage5;U16;0,001;V;;;R
9056;Pack_RT_Cell_Voltage6;U16;0,001;V;;;R
9057;Pack_RT_Cell_Voltage7;U16;0,001;V;;;R
9058;Pack_RT_Cell_Voltage8;U16;0,001;V;;;R
9059;Pack_RT_Cell_Voltage9;U16;0,001;V;;;R
905A;Pack_RT_Cell_Voltage10;U16;0,001;V;;;R
905B;Pack_RT_Cell_Voltage11;U16;0,001;V;;;R
905C;Pack_RT_Cell_Voltage12;U16;0,001;V;;;R
905D;Pack_RT_Cell_Voltage13;U16;0,001;V;;;R
905E;Pack_RT_Cell_Voltage14;U16;0,001;V;;;R
905F;Pack_RT_Cell_Voltage15;U16;0,001;V;;;R
9060;Pack_RT_Cell_Voltage16;U16;0,001;V;;;R
9061;Pack_RT_Cell_Voltage17;U16;0,001;V;;;R
9062;Pack_RT_Cell_Voltage18;U16;0,001;V;;;R
9063;Pack_RT_Cell_Voltage19;U16;0,001;V;;;R
9064;Pack_RT_Cell_Voltage20;U16;0,001;V;;;R
9065;Pack_RT_Cell_Voltage21;U16;0,001;V;;;R
9066;Pack_RT_Cell_Voltage22;U16;0,001;V;;;R
9067;Pack_RT_Cell_Voltage23;U16;0,001;V;;;R
9068;Pack_RT_Cell_Voltage24;U16;0,001;V;;;R
9069;Pack_RT_Cell_Max_Voltage;U16;0,001;V;;;R
906A;Pack_RT_Cell_Min_Voltage;U16;0,001;V;;;R
906B;Pack_RT_Temperature1_Pack;I16;0,1;°C;;;R
906C;Pack_RT_Temperature2_Pack;I16;0,1;°C;;;R
906D;Pack_RT_Temperature3_Pack;I16;0,1;°C;;;R
906E;Pack_RT_Temperature4_Pack;I16;0,1;°C;;;R
906F;Pack_RT_Temperature_MOS;I16;0,1;°C;;;R
9070;Pack_RT_Temperature_Env;I16;0,1;°C;;;R
9071;Pack_RT_Current;I16;0,1;A;;;R
9072;Pack_RT_Remaining_Capacity;U16;0,1;Ah;;;R
9073;Pack_RT_FullCharge_Capacity;U16;0,1;Ah;;;R
9074;Pack_RT_Cycles;U16;1;times;;;R
9075;Pack_RT_Balance_State;U16;;;;;R
9076;Pack_RT_Alarm_State;U16;;;;;R
9077;Pack_RT_Protect_State;U16;;;;;R
9078;Pack_RT_Fault_State;U16;;;;;R
9079;Pack_RT_Total_Voltage;U16;0,01;V;;;R
907A;Pack_RT_SOC;U16;1;%;;;R
907B;Pack_RT_Pack_Number;U16;;;;;R
907C;Pack_RT_Cell_Number;U16;;;;;R
907D;;;;;;;
907E;;;;;;;
907F;;;;;;;
9080;AddressMask_BMS3_Fault;U64;;;;;R
9081;;;;;;;
9082;;;;;;;
9083;;;;;;;
9084;Pack_Fault_ID;U16;;;;;R
9085;Pack_Fault_Timestamp;U32;;;;;R
9086;;;;;;;
9087;Pack_Fault_SN0;U16;;;;;R
9088;Pack_Fault_SN1;U16;;;;;R
9089;Pack_Fault_SN2;U16;;;;;R
908A;Pack_Fault_SN3;U16;;;;;R
908B;Pack_Fault_SN4;U16;;;;;R
908C;Pack_Fault_SN5;U16;;;;;R
908D;Pack_Fault_SN6;U16;;;;;R
908E;Pack_Fault_SN7;U16;;;;;R
908F;Pack_Fault_SN8;U16;;;;;R
9090;Pack_Fault_SN9;U16;;;;;R
9091;Pack_Fault_Cell_Voltage1;U16;0,001;V;;;R
9092;Pack_Fault_Cell_Voltage2;U16;0,001;V;;;R
9093;Pack_Fault_Cell_Voltage3;U16;0,001;V;;;R
9094;Pack_Fault_Cell_Voltage4;U16;0,001;V;;;R
9095;Pack_Fault_Cell_Voltage5;U16;0,001;V;;;R
9096;Pack_Fault_Cell_Voltage6;U16;0,001;V;;;R
9097;Pack_Fault_Cell_Voltage7;U16;0,001;V;;;R
9098;Pack_Fault_Cell_Voltage8;U16;0,001;V;;;R
9099;Pack_Fault_Cell_Voltage9;U16;0,001;V;;;R
909A;Pack_Fault_Cell_Voltage10;U16;0,001;V;;;R
909B;Pack_Fault_Cell_Voltage11;U16;0,001;V;;;R
909C;Pack_Fault_Cell_Voltage12;U16;0,001;V;;;R
909D;Pack_Fault_Cell_Voltage13;U16;0,001;V;;;R
909E;Pack_Fault_Cell_Voltage14;U16;0,001;V;;;R
909F;Pack_Fault_Cell_Voltage15;U16;0,001;V;;;R
90A0;Pack_Fault_Cell_Voltage16;U16;0,001;V;;;R
90A1;Pack_Fault_Cell_Voltage17;U16;0,001;V;;;R
90A2;Pack_Fault_Cell_Voltage18;U16;0,001;V;;;R
90A3;Pack_Fault_Cell_Voltage19;U16;0,001;V;;;R
90A4;Pack_Fault_Cell_Voltage20;U16;0,001;V;;;R
90A5;Pack_Fault_Cell_Voltage21;U16;0,001;V;;;R
90A6;Pack_Fault_Cell_Voltage22;U16;0,001;V;;;R
90A7;Pack_Fault_Cell_Voltage23;U16;0,001;V;;;R
90A8;Pack_Fault_Cell_Voltage24;U16;0,001;V;;;R
90A9;Pack_Fault_Cell_Max_Voltage;U16;0,001;V;;;R
90AA;Pack_Fault_Cell_Min_Voltage;U16;0,001;V;;;R
90AB;Pack_Fault_Temperature1_Pack;I16;0,1;°C;;;R
90AC;Pack_Fault_Temperature2_Pack;I16;0,1;°C;;;R
90AD;Pack_Fault_Temperature3_Pack;I16;0,1;°C;;;R
90AE;Pack_Fault_Temperature4_Pack;I16;0,1;°C;;;R
90AF;Pack_Fault_Temperature_MOS;I16;0,1;°C;;;R
90B0;Pack_Fault_Temperature_Env;I16;0,1;°C;;;R
90B1;Pack_Fault_Current;I16;0,1;A;;;R
90B2;Pack_Fault_Remaining_Capacity;U16;0,1;Ah;;;R
90B3;Pack_Fault_FullCharge_Capacity;U16;0,1;Ah;;;R
90B4;Pack_Fault_Total_Voltage;U16;0,01;V;;;R
90B5;Pack_Alarm_State;U16;;;;;R
90B6;Pack_Protect_State;U16;;;;;R
90B7;Pack_Fault_State;U16;;;;;R
90B8;Pack_Fault_Pack_Number;U16;;;;;R
90B9;Pack_Fault_Cell_Number;U16;;;;;R
